label,0,1,2,3,4,5,6,7,8,9,10,11,12,13,14,15,16,17,18,19,20,21,22,23,24,25,26,27,28,29,30,31,32,33,34,35,36,37,38,39,40,41,42,43,44,45,46,47,48,49
b,0.193400457316999,0.6017991270721421,-1.2153936590481749,-0.34831186648548695,-0.16145504486570386,-0.36116971776491985,-0.22803330617092535,1.1991545018496377,-0.6734701911468607,0.8449305103736863,-1.4049956057265918,-0.34304240533634994,0.11997607186784878,0.33851999158510837,0.5054543122724827,0.7091641141931697,-0.31077808345109587,-0.2596389420816972,0.5766424198668975,-0.14393771742814399,-0.9754144198400125,-0.8121425056158046,-0.8457475761102002,0.40398908351400775,0.15616208159361447,0.5755586641957678,-0.38923667005869644,0.08517236073650916,0.4444350020329268,-0.28660164318529524,0.13078592303541417,-0.4734371564288547,-0.2292147441996168,-0.21204531821114628,-0.9974448917307661,0.2609354371516338,-0.3540797564901159,0.09818308416452325,0.46171078587387004,0.2797530552070487,0.4406774240600416,-0.13398147297223514,-0.2600641268322955,-0.08660863399720392,-1.3281904180476298,-1.151585014224055,-1.1232695529948276,-0.8012632371230187,0.2403073556198359,-0.7132728724993617
m,0.0948917609138573,-1.4590028174267475,1.7555049074729845,1.1432484769762392,-1.5762729802745448,-0.8240909306928293,0.31793414965690325,-1.3577686151838033,0.5910120904438079,-1.51276927200426,2.039843399321411,0.994884141751579,-0.04966464540193077,0.6901076324956688,-0.04218274161645275,-1.3961507092781507,0.6049387497090515,-0.6125142635485437,0.25637577483961854,0.08543014220910818,0.7143431281179613,0.12975840221818769,1.8395337248458146,-0.4997688699835019,-0.5184184537796048,-0.8284662926909445,0.8198353701306786,0.24583403236611645,-0.03562406620765827,0.6379584645678132,1.7720507625287822,0.0672880588763492,-0.2457863010072731,-0.5272892520301657,1.4407913034439843,0.7614281743616425,0.2179786034447953,-0.8296428180833902,-1.142831930911339,0.32239776253074653,0.25939489579189273,0.5997835108958789,-0.3532715055724319,0.2827606160959263,1.2977652968389344,1.228898641715498,1.7793780752005823,0.9180877278332426,0.3828712126511206,0.7012712454933794
A,-0.464426205297319,2.0202945274102753,-1.7272644016902934,-1.7595726309517488,3.345032540297257,2.1451714061609115,-0.3014813326275798,0.9648230916080817,-0.20300229534407288,1.7783101781186255,-2.0174187860367456,-1.4740366866323462,-0.07371266633466521,-1.8480601868079705,-0.6405478030615855,1.7423742619826554,-0.7499358391007079,1.5818123978497882,-1.3322781982182936,0.0373768447316228,-0.014209829865630312,0.9067662835675296,-2.422638447503275,0.40869038145561754,0.8004518661848258,0.8122971762053091,-1.0620848812122297,-0.6076044498505854,-0.5661163449106111,-0.8497876046583843,-3.68785452366952,0.5451014011121257,0.8137976723457687,1.3452965585117682,-1.4177026357189073,-1.8778372942414168,0.0764882590061892,1.4982855124227563,1.5963477076958206,-1.0375152731083366,-1.1435226051220462,-0.9929479000768275,1.070306895084243,-0.43453729014859066,-0.6614947928222802,-0.7783759460385818,-1.9063577912517626,-0.6660990931761206,-1.1004845957548972,-0.36380826077346134
p,0.21443570213892274,0.37717135339105623,-0.9586923053026237,-0.16889191434921566,-0.4265650984585194,-0.5074194577515274,-0.18176167521951891,1.007773109189012,-0.5943516896137523,0.6181304252868708,-1.1065159538986475,-0.18801000450619362,0.11507891153278271,0.46198871052399243,0.5124461463334686,0.4978961948470366,-0.21933454105018957,-0.36809731628867415,0.6349702740030777,-0.13378858770712426,-0.8842457367300867,-0.8131276676755989,-0.5649371043107355,0.33251184494032665,0.07475286419738515,0.45446976108722525,-0.2644263749452983,0.12817641278419237,0.45082523409455516,-0.18902998176701455,0.42742183741396333,-0.47539291659572025,-0.27619118372187546,-0.3050959541821369,-0.78676129050417,0.3940536742389023,-0.3278195322316235,-0.03629154328471846,0.28549323128068266,0.3407942872318194,0.49574743242395264,-0.038505020154832814,-0.3256665066179847,-0.042245266073344265,-1.150296637181038,-0.9801987692496478,-0.8600749531393129,-0.671591581552542,0.3102583370392084,-0.6170220444971203
n,-0.2758291450434943,-1.1003400311893772,2.057902844701351,0.6780871283422338,0.023709079460036954,0.42584782566595825,0.38452786074968237,-1.9787645897487596,1.0876470235028082,-1.470973910878495,2.380382450893133,0.6497441750142325,-0.18608551113128385,-0.41049789459924896,-0.7609212931061459,-1.252061040314399,0.5477408018909492,0.30336315612301423,-0.8260753796459378,0.22681676661773997,1.5557400610314736,1.2311679441101777,1.5172805304209873,-0.672478208123287,-0.304821269846982,-0.9741396763785996,0.6946013312039627,-0.09332001063802604,-0.6688592552869712,0.5161794450670757,0.04912053823301562,0.7165546417880558,0.30851232390695743,0.24402187055912686,1.6888846947447216,-0.2847532929217271,0.5590377893816152,-0.26114794385714174,-0.8474369385084273,-0.373441166514758,-0.6225399376446757,0.28291204562482714,0.33976789711350897,0.1683996059856236,2.16325298946085,1.8899191636072443,1.9235720737599353,1.3236867109739694,-0.30616906465914945,1.1623217079162533
N,0.03901373522375937,1.788451376234182,-2.480080056010796,-1.3190719060514868,1.3900528438297253,0.5418636097618998,-0.4544481825634631,2.09127158639717,-1.0114915015510473,2.00195135163253,-2.876931582334402,-1.1745642782633328,0.1273368920172778,-0.42967144386307865,0.37771851788428057,1.8004418451571607,-0.7824548690242366,0.40862689569497684,0.14155636971144517,-0.17733003278145898,-1.3303831150837349,-0.6658013642300549,-2.3130150256706288,0.7447770122550684,0.5969560101207042,1.171736716561826,-1.0390756606384082,-0.17671790516864525,0.33072629272906495,-0.7976834958473585,-1.5965829969742995,-0.3801888102398463,0.08045519856802479,0.3594307897603814,-2.0354285596500143,-0.5492708507966415,-0.4436588104733817,0.8539776804548797,1.394424215365308,-0.11949902540020221,0.047865538250913546,-0.6594594479199462,0.16198954073371236,-0.3265546880083823,-2.1204449394829896,-1.9370335232980538,-2.441229254666005,-1.4076682304158072,-0.20331468214207882,-1.1428559998442265
Y,0.14666332512418664,1.375146336081848,-2.1534245756314796,-0.9524058546829,0.6616246666676101,0.0649069484387612,-0.39803844782497494,1.9286277543133723,-0.9933163000244997,1.6501597545707756,-2.494847969011816,-0.8693518903882276,0.1478242117717469,-0.017731515942664443,0.5352859537554756,1.451237240684763,-0.6323649225624046,0.057181829231503056,0.4511980184147547,-0.19088443080180031,-1.364476559517103,-0.8925364154004265,-1.822127812026565,0.6719217657860137,0.4300677590491099,1.0182690927107636,-0.8245739976116799,-0.04227583113757522,0.4698973604267034,-0.6251119483913864,-0.7952993395938829,-0.5159271558424551,-0.10399698039860486,0.0608687058559179,-1.767311788189806,-0.13385713892504889,-0.47366442103846473,0.5342006161579526,1.0673228617657395,0.11518486100409857,0.3115700419361187,-0.4501613965937579,-0.07902476878563557,-0.23602676142690038,-2.0282134063544035,-1.8128360183092802,-2.0723932097372693,-1.2943674425697353,0.04346305416763821,-1.0914751468589643
",",0.1615322005930797,0.3730075221187808,-0.8413394031060932,-0.19381172427817125,-0.24547204819421686,-0.3494565848680994,-0.15869788062580675,0.8577546467091638,-0.4944083826767145,0.5632882983209677,-0.9718144036412358,-0.20056463397450253,0.09218695706827953,0.3214598449642137,0.4007238412730922,0.4634328089592864,-0.20360062499038295,-0.2527029867578552,0.47966199495681083,-0.10868869188875437,-0.7265383159063893,-0.6392860998809691,-0.5397956227847637,0.2858443279586274,0.08646090070212048,0.3986342824175865,-0.2504070964580097,0.08621514660998664,0.3524561218069025,-0.18184455661158752,0.2354349954335112,-0.3732881229654886,-0.20129659361088784,-0.20837979728510844,-0.6904607520717454,0.26474248213519885,-0.2667906927574776,0.01714046482645292,0.2844443905390338,0.2473360103073284,0.37125367023568256,-0.062727069779648,-0.233886566926135,-0.04830343381630995,-0.9652837655733754,-0.8292707818099218,-0.7659713190390911,-0.57234221014042,0.220288777558745,-0.5180620352894837
k,0.1716585139829664,0.42227541305053645,-0.9287836512711048,-0.22535189157561264,-0.23877138945016482,-0.36181893442702134,-0.1749884958440556,0.9402417789337412,-0.5389984280698393,0.6270382107351016,-1.0730060690070866,-0.23030086723883447,0.09956745207957694,0.333880056635217,0.43012653517395516,0.518219271262645,-0.22753994869795469,-0.26138672032842386,0.5101233837038102,-0.11780485845325238,-0.7896860752773603,-0.6871565172617923,-0.6069001328998699,0.314062458477173,0.10066087884671882,0.44001514108832523,-0.28101948650037073,0.08860922051253621,0.3782944291125518,-0.20473219171946394,0.22499438598791793,-0.40110953562766194,-0.21194852839906497,-0.21519788989049418,-0.7622250923902815,0.2719931186404267,-0.2892952241822552,0.03116718729937539,0.3224810508719476,0.2601095861888616,0.39389016398060067,-0.076479160786501,-0.24521892721548624,-0.05613068102742989,-1.0545606150766083,-0.9077264242691316,-0.8483761204970194,-0.6275690318842734,0.23018892985747888,-0.5660499374207992
s,-0.4826047143502621,0.24561384443988246,0.6903350491655599,-0.43977378785853927,1.8940111530272132,1.5455697670582944,0.1409113310471687,-1.053908511882328,0.7627562447143427,-0.18871491437359644,0.787590200354665,-0.30257148686998425,-0.19128342424703265,-1.3666671787415128,-0.9722595963815128,-0.03243422915304822,0.02108488998350306,1.1310938584297885,-1.4124851869022266,0.20374256286955075,1.2458135351482278,1.5004500799402156,-0.13511489321987066,-0.3128807709378101,0.20299953033689686,-0.32976796503337474,-0.03552028748591656,-0.4157717174400446,-0.85634724394612,-0.060317862594287154,-2.0274704930694107,0.883006220632691,0.7047683226106637,0.9507023803335766,0.566452181347658,-1.2820192012208367,0.4934031424235308,0.6293345715716987,0.21180577133573283,-0.8824893760378903,-1.1426567687354066,-0.3285510608219007,0.8737317636234453,-0.10784582909021878,1.3726052816253544,1.0868119252830617,0.48169470257225544,0.6934141576688269,-0.8635690271209293,0.7328045465091291
z,0.7344368550954974,-0.8640631874368793,-0.3932752027828511,1.0365328706145593,-3.3007373561081548,-2.532867362575927,-0.09431614541466123,1.0599539324683562,-0.9032506303547931,-0.25145988263283464,-0.4358137964275852,0.7855485162728169,0.2607665771964967,2.226270387830133,1.3985025362598575,-0.438081140673208,0.17959627665162212,-1.8569014410501357,2.1421252015335233,-0.266445642288864,-1.5625032818084104,-2.135782086519283,0.8357060471703882,0.2810752616530751,-0.4752295886516805,0.19138370934715682,0.33655696774494004,0.6897552980644686,1.2323053187962585,0.30938960433286106,3.56275963704921,-1.2600490615393687,-1.109790391225668,-1.565086038149279,-0.322590359733405,2.1280230064239336,-0.6413959827846883,-1.203064514175632,-0.7050404429264359,1.3947307897323131,1.7509834327646918,0.685994550597563,-1.39273173096251,0.2550238340359669,-1.5440280924838663,-1.1525664685720007,-0.08172300956818492,-0.688789916775401,1.3882475645733798,-0.821396439917843
n,0.7213602385401567,-1.389459498980989,0.33871509303500047,1.4231825886743217,-3.7034570218941423,-2.6871810119979336,0.03986098129238153,0.44115764555855697,-0.6031179715165964,-0.8411114282317447,0.4132626425435586,1.1301345200412554,0.22266743466848316,2.3481664385029415,1.2841489694531767,-0.9679258914448613,0.4098848955757185,-1.973385539324477,2.0957993082721362,-0.21359595392292471,-1.166945070985274,-1.9349182963172018,1.5158086153355605,0.060906417429516024,-0.6501976902466312,-0.15446382386968316,0.6421627752895497,0.7403738698839748,1.1321618497945503,0.5438893876987761,4.025804068017677,-1.145264158928864,-1.131129166709235,-1.6676925655623052,0.2781616280328717,2.2853885922314774,-0.509226386284567,-1.4522436968175523,-1.114615522134969,1.4269689093138056,1.733117162790219,0.8789371477110052,-1.4375006719777508,0.35074777404964086,-0.915593134882235,-0.5790421461546866,0.6381456170208402,-0.27232120781838454,1.4452090952593308,-0.4827120491168449
H,-0.4827739188462227,-1.0369923761685476,2.410195101043218,0.5209514501520476,0.800057077608407,1.0731229365370725,0.4552357905458641,-2.477253016720796,1.4367700183156777,-1.5980105876261617,2.7834075286236644,0.5478302552761906,-0.27070613239694014,-0.9839979856632707,-1.1847770620716302,-1.3076992129740996,0.5749045673876005,0.7767780268182924,-1.4323956870362373,0.31791700427311076,2.118497437039867,1.8872117628966756,1.5132842849222337,-0.8233442979133914,-0.23201060500997253,-1.1421258228072246,0.7035551135815943,-0.2667242084205323,-1.0421376168618344,0.5089432820544489,-0.7794115935280592,1.102362662864092,0.6075327094907703,0.6415638336237227,1.977966406341861,-0.8193384040337086,0.7799851769120616,-0.012287236140305267,-0.7893770528072342,-0.7474300207695994,-1.1114872592148988,0.1579502633745896,0.709031580779909,0.1299366405269225,2.798480297967811,2.39887499927938,2.185887385930134,1.6524012375251866,-0.6701347359419506,1.501706544546279
z,0.6698598007070374,-0.38839212771177223,-0.8945411219045846,0.6459762718463629,-2.6694213980022266,-2.1627724147317746,-0.1839535860763711,1.410164452934516,-1.0337745236206597,0.20977652733770472,-1.019319091563806,0.45145289335716093,0.262565873073128,1.911128599851966,1.3416517506355703,-0.0021834951688864874,-0.008767097911469483,-1.5830981211686252,1.9598238437027264,-0.2785731262910277,-1.6969151551402863,-2.068342362557684,0.24855666617539582,0.41539105602422305,-0.2978694137894164,0.4276564764398403,0.07665924002178875,0.5826172551699196,1.1817521128995678,0.10479328458481094,2.860369994825766,-1.2175129431869594,-0.9818331862784248,-1.3310385410094907,-0.7340021266837323,1.7965968930602865,-0.6742469141524704,-0.8972794890516232,-0.33104910661259423,1.2299139721040704,1.5871866917498105,0.4740436326630699,-1.2188553433502485,0.1584937365943813,-1.852428983705729,-1.4599541158537026,-0.605523601544519,-0.9269781047434916,1.2058128096537868,-0.9886886885413756
N,0.19790519246981514,0.9064267691481829,-1.633304417818397,-0.5741243795494565,0.08278405697513147,-0.26242052775690033,-0.3045477575619256,1.5494787388849165,-0.8418027023060695,1.1838898509732643,-1.8898365534891248,-0.543726081200996,0.14074962381562967,0.25959772268351505,0.5652988118993881,1.0146071924376752,-0.4434900755157019,-0.18532188449219458,0.594472508062744,-0.17314185098200566,-1.1957527872455718,-0.9185657710837439,-1.2389236325218016,0.5290261013155872,0.25837269307811256,0.7729886121397316,-0.565752693680486,0.053354569496342374,0.49681206584472776,-0.4222554394885346,-0.14909255499939245,-0.5340924514194589,-0.21246771894718203,-0.14686951899522788,-1.340429274025869,0.16208511840786943,-0.4272167138145527,0.24588761950397184,0.6993126926482176,0.25559961143296794,0.4437891825282887,-0.24735140919549023,-0.22873726983154397,-0.14250717592089096,-1.6820681984210992,-1.4755864030238222,-1.5355014627017392,-1.037142198432843,0.20201104565038633,-0.9040330000376177
9,0.15841292408635105,0.36020645901753545,-0.8175877074891493,-0.18587552629045068,-0.2455091111491424,-0.3447726585734644,-0.15426173928915113,0.8349806088817736,-0.4819206371051216,0.546260558945619,-0.9443389460666776,-0.19297973060636103,0.0900604422541361,0.3169244591166209,0.39205963468267374,0.4489180483176341,-0.1972519694349868,-0.24937123040219725,0.47031472095653076,-0.10609187076662933,-0.7087016914069262,-0.6252554741568827,-0.5221775201383706,0.2780971674601969,0.0828924583374389,0.3873915474244943,-0.24234597994141283,0.08520141156972207,0.34484045992602974,-0.17584850674553418,0.23633864653712156,-0.3651237312743397,-0.19783489039633936,-0.20570650214800695,-0.6709681375116351,0.26165140683771604,-0.2603888353932625,0.014008266622372003,0.2745818043771293,0.24315060726845356,0.36422233785640873,-0.059392024697140444,-0.23009022878490956,-0.04633274371058728,-0.9404227244337028,-0.8075325014310788,-0.7437430811513676,-0.5571056980779093,0.21688040959495536,-0.5047033560776137
^,0.6994615986944867,-1.50005870579058,0.533253778152802,1.4944273812944202,-3.7214079754218883,-2.6619421130422225,0.0760837497030228,0.25827675064217087,-0.5045599141239299,-0.9834287298080449,0.6384030648126836,1.1971292967257283,0.20645588923808506,2.322518394297733,1.219893467775243,-1.0904357580167203,0.46340562192274154,-1.9557279131265684,2.029863711501246,-0.19352108713577387,-1.0276275365838594,-1.830175194969446,1.6661366414721297,-0.0017300476645851104,-0.6822812646754673,-0.246519692765304,0.7107000470926078,0.735668220120946,1.0756988704666022,0.5951846927614802,4.05233017003987,-1.0844065347633658,-1.1084020209884362,-1.6539264571408832,0.437817110408008,2.271172852823195,-0.4596538189965746,-1.484606239163362,-1.200036940849024,1.3997733832384136,1.684264459932301,0.9102150648116669,-1.4135155388863616,0.36842640270729693,-0.7180215031619837,-0.4052313763562396,0.8217369576294685,-0.149859636392637,1.424412007777854,-0.37650595622876887
/,0.13748114895318164,1.4233758401811347,-2.1986831323840397,-0.9934017005893396,0.7348306163794222,0.11037468177495434,-0.40602926653441457,1.9568957505783002,-1.0016822853207137,1.6944224176198568,-2.5476256448043726,-0.9039893973456344,0.14687947791337141,-0.05674468792569148,0.5239923433211799,1.4939239254249248,-0.6507695594878734,0.09074731568845337,0.42498295323278984,-0.19088256208189652,-1.3703922484065965,-0.8771038234274808,-1.8806748474221502,0.6832988914927397,0.44870414279324927,1.0395761427341956,-0.8503470235746393,-0.05525257982889391,0.45990293985976394,-0.6455906925701081,-0.8762790516320935,-0.5065649995607396,-0.08727763505162438,0.0894657793878017,-1.8044583514895618,-0.17397572043952578,-0.4740023829560849,0.5679695615251587,1.1053524267811732,0.09379764704908049,0.288757498421763,-0.47293654097913806,-0.056797770347988455,-0.24615433064139455,-2.050499920487754,-1.8366988094113215,-2.121091884899526,-1.3137304146655744,0.020453811737188497,-1.1036334778732084
Y,0.19963881245125362,0.7425927609785569,-1.417326019980609,-0.45047563671720325,-0.06307862534057222,-0.3280604717557081,-0.2651288117395276,1.372491551813387,-0.7589507514454441,1.0055409128972648,-1.639154564324662,-0.4345916754948005,0.1313555084358492,0.3131817972384863,0.541836716297794,0.8527169992274877,-0.3732101622100715,-0.2344472590375902,0.5970799655493035,-0.15937822753860278,-1.0894187807271092,-0.874888796948092,-1.0290215792815076,0.4653152922330343,0.20237126252747517,0.6709869205124356,-0.47173225410627373,0.07380144820685412,0.47632380343236574,-0.3497178185910785,0.0168327801387572,-0.5094369476258254,-0.2273834860483329,-0.18959958517165604,-1.163172231988722,0.22552592807068503,-0.3926040593667563,0.1620880110855876,0.5713533301540208,0.27596678988487194,0.4519044836813593,-0.18435199891944237,-0.2528381345083311,-0.11190736450624242,-1.5059185605169396,-1.3128559384100391,-1.3207546547468774,-0.9178353970410859,0.22972529792372512,-0.8090176348541732
0,0.5828029212007385,-0.06284729933948895,-1.1470492867523363,0.3559665800334367,-2.087759304212597,-1.780261822441598,-0.22744149592842333,1.5320468280548627,-1.0439044874792585,0.4847170561345447,-1.3147813892351161,0.21039276354338407,0.245459570550702,1.5805882608778845,1.2127873114843895,0.271573359468233,-0.12639054992191828,-1.301287531372009,1.709283107039163,-0.26683791040980426,-1.6634291839041773,-1.882361419444839,-0.1372492905890027,0.4708490115920988,-0.1658559982702669,0.5462591558857725,-0.09179807257398544,0.47490475658713566,1.0679458800913186,-0.03090627860639588,2.220834476945113,-1.1062552375569645,-0.8333265801630608,-1.0916879817224978,-0.9412601688012063,1.4637896125933196,-0.6480391569616494,-0.6430259315897762,-0.07330941347127794,1.0410415697446824,1.3741413180188427,0.30808259494645485,-1.0250644522362122,0.08689582463024481,-1.9173521026377713,-1.551499349616166,-0.8922491848450241,-1.0121042434140162,1.0075558116903536,-1.0250287908994473
],-0.4897279863051891,0.37528526594226513,0.5315429698380915,-0.5406874767601365,2.0295315472663,1.6148615772705623,0.11210836723767449,-0.9296329746135468,0.7078076308685601,-0.05301979835110259,0.6031195081312762,-0.39061419178153,-0.18630874821193139,-1.4244900467308548,-0.9657602744445613,0.09240220770536321,-0.03302529001665638,1.182645339329542,-1.4314256675133754,0.19553726995865708,1.1784888264587752,1.4846426441044602,-0.29909686239644634,-0.26734804009083185,0.24874988840643328,-0.25481886404484666,-0.10867241143376835,-0.436569285968912,-0.8507594432989004,-0.1171497407381268,-2.1801087496777627,0.8745143941947745,0.7247500613243505,0.995145628207162,0.43612749210688145,-1.3464522331366777,0.47254128240968124,0.7016954269112015,0.3133224256100564,-0.9088172306050843,-1.1626247428884366,-0.38121876940563043,0.9028427646728177,-0.13280749162928637,1.2527960407427832,0.973958454573754,0.3213554751412499,0.6094362298656637,-0.8953532860810065,0.6680884441917815
G,-0.4643715121258675,-0.12292363881660634,1.1458862780975303,-0.1540345238174838,1.5158719131497689,1.3547016315184237,0.22361011551732307,-1.4126395085037031,0.92264236355589,-0.5762837824341249,1.3167479408728535,-0.05292884700757528,-0.2062826020679309,-1.207720724964018,-0.9949535003898669,-0.388383381795399,0.1754006872383106,0.9890119340786552,-1.3645581899439951,0.2280031074132116,1.4430456828318716,1.5519391735692467,0.3316887236081275,-0.4440003843853825,0.0734719525070597,-0.5448028304192326,0.1728263012107356,-0.35827728945878196,-0.8759460383241471,0.10140625554793577,-1.6011140823493255,0.910996423633201,0.6508385239502485,0.8281068157831174,0.9403341068395178,-1.1038693848142767,0.5549797515119007,0.4257897982618687,-0.07662969655624825,-0.8112339596213388,-1.0906440579013126,-0.17984600091003686,0.7945062388271162,-0.03716233870831988,1.7199731058640355,1.4131287377219293,0.9407608880296795,0.9357425484145873,-0.7766805736673376,0.9204016127602995
7,0.18812118076047174,0.5414222824874958,-1.1232968684565494,-0.3058809143755621,-0.19455317431191282,-0.36751704557785264,-0.2110405063228918,1.1176650053211772,-0.6320015199264424,0.7735812783988444,-1.2982691483578992,-0.30453700561475483,0.1139820722692192,0.3424073515153144,0.48438696172191464,0.6461113903337115,-0.28331921832621876,-0.2647052141369649,0.5602365052125234,-0.13609906935314006,-0.9189022190603721,-0.7767395869519448,-0.7661796406286081,0.37547486244134815,0.13699192116375708,0.532017349806122,-0.3532879317475302,0.08795927591103436,0.42594767307146636,-0.2592726696296615,0.17000299676498362,-0.4530083831024774,-0.22629793402308912,-0.21686066293081618,-0.921860978077366,0.26968108872423024,-0.3346010364051366,0.07351123446577844,0.41480089152993826,0.27675480108411915,0.42972989861534766,-0.11365100563133422,-0.2586188155191689,-0.0760959251184795,-1.2430957363812971,-1.075207308425838,-1.034221797312451,-0.7465411828698046,0.24038575482639327,-0.6674661452197067
4,0.06749544822576416,1.7024558950864268,-2.4249659153405005,-1.2395563359008315,1.217258159503775,0.4242837992970647,-0.44524589394091085,2.0741498866694266,-1.0189506721801056,1.9345350297692485,-2.812176532062256,-1.1092982910369054,0.1342023354948789,-0.3276577698444653,0.42327081788904325,1.7312704807824844,-0.7528284778205255,0.3221010541433031,0.22383426082406577,-0.18299387606615386,-1.355285826126985,-0.7328232521167974,-2.213152854168576,0.7347939088617035,0.5607232408245919,1.1459222952347394,-0.9957809417677587,-0.14386408035940343,0.37092539744531694,-0.7623906537198295,-1.4073192295163905,-0.420090710729967,0.0334282269233244,0.2860728583997006,-1.990188740717017,-0.44779444309544836,-0.4568127218879276,0.7810587111249296,1.326111811475329,-0.0598716983931118,0.11706110231043147,-0.6129443588370633,0.10122698297485747,-0.3069333476103522,-2.1219968271790064,-1.9280573947484645,-2.3746711169165544,-1.3951486508881308,-0.14155038939118997,-1.1432576517658957
>,0.20004727898945882,0.7815944815580692,-1.4704759421866034,-0.47947578122010165,-0.031221164765699465,-0.3149101933145841,-0.2748549006402202,1.4168813502202828,-0.7801915492089954,1.0487782546073259,-1.7008212776938008,-0.46033408339733795,0.13394316633310904,0.30262635804163734,0.5491454739580753,0.891726665488382,-0.39015705580815463,-0.22456167162979132,0.5988689535377258,-0.16303859518744615,-1.1171362402795224,-0.8879652762065384,-1.0792972739314846,0.48118070874330604,0.21549910285644128,0.6960948169765537,-0.49429477997672566,0.0695927777938363,0.48271869831591957,-0.3670687049746824,-0.019623861529062384,-0.5168801749022918,-0.22500011570666467,-0.18094424005373688,-1.2067930513989873,0.21245394063906195,-0.40177667601082767,0.18117532764308744,0.6017806946007066,0.2725757302885555,0.451906562166764,-0.19894891389437522,-0.24853368959957028,-0.11908582529999831,-1.550652034793822,-1.3538715592808939,-1.3732513008707987,-0.9477293708964227,0.22453401027432443,-0.8331339658851497
i,0.1448878352896958,0.3163322441857057,-0.7301937027008915,-0.16017718230021094,-0.23574436878347768,-0.3201744718994864,-0.13787645234175214,0.7491358891875416,-0.4338833419131966,0.4852069787481887,-0.8433007543036845,-0.16780379537178824,0.08155949522238519,0.29378496651930136,0.3564158068568605,0.39754584207833243,-0.17474608158341826,-0.23170848188514914,0.4299612709072869,-0.09586676139268638,-0.6392717236310798,-0.5679212945935407,-0.4607332423407893,0.24913334497619677,0.07136489824429125,0.3460083915725992,-0.21409489865199705,0.07945307744845229,0.313501110992463,-0.15501178076388036,0.22893363497011623,-0.33170938191250565,-0.18194112558464126,-0.19130903996991283,-0.5992458487365727,0.24404916535185267,-0.2352275881117629,0.006247054065066879,0.24089682368789245,0.22377537020595023,0.3334484307850026,-0.04934376350260428,-0.21213322511370397,-0.03994432548890117,-0.8455507535884101,-0.7251696461696439,-0.6628133425829471,-0.49973404928474013,0.20034511878197914,-0.45375021278321137
q,-0.04101017990114774,1.9788080061519664,-2.566209380032392,-1.504083091794883,1.8318018573142456,0.8533203653484042,-0.4677438229007511,2.0825101005332285,-0.9636082397551614,2.1350499513210988,-2.9791216129026594,-1.323949867859684,0.10487597256582606,-0.7009830278464851,0.24125266201562132,1.9438257161461638,-0.8435624407881173,0.6375593559575584,-0.09039239763073273,-0.15685656045600313,-1.225556579560071,-0.4620571992521462,-2.5277153684127156,0.752430403514005,0.6813702077551592,1.2118060819021212,-1.1311822443637,-0.2630636201792985,0.21036758755578389,-0.874093623351125,-2.0784440261961077,-0.25932409020396757,0.20868918620632634,0.5531738943563717,-2.1061353682326005,-0.8158765096036048,-0.3952547758031673,1.033204625970562,1.546344669979808,-0.2816216465684558,-0.14528876906524,-0.7707039149318422,0.32611733336226884,-0.37217974702259565,-2.059120367914204,-1.9098334572172015,-2.5601355194195587,-1.4045288369290758,-0.36910882432921627,-1.1110094391553533
-,-0.3060595666557615,2.235468179296945,-2.3503187406044006,-1.8368269622443791,2.97591754200768,1.747057906896652,-0.42018900314420143,1.6387820552890275,-0.6086575441284655,2.16518651230916,-2.736011596428992,-1.5708637026856045,0.007355305686168517,-1.4879375433898372,-0.2725759174362449,2.0470740621517574,-0.884556585341455,1.2924361386009293,-0.8642945683872038,-0.05579187110915471,-0.6241518652331247,0.3253331021116704,-2.7584103631711243,0.6290429448445589,0.8341615722152929,1.1078027193314401,-1.2208527311356514,-0.5055710310551247,-0.24233461510909543,-0.9612632321435622,-3.31049018163374,0.2048337998417362,0.6050063066911939,1.1046838614622723,-1.9290144073130522,-1.5639346352801746,-0.15146399620186593,1.4397698312231464,1.7577202480427037,-0.7791407995610963,-0.7758396719194146,-0.997341230225962,0.8216403026932281,-0.4539858957084792,-1.4405917736899174,-1.4374694807895794,-2.4573510238324205,-1.1147164087877914,-0.8617777847136415,-0.7815172493254852
r,0.4769065287476042,0.181765204303324,-1.2512542340163486,0.11659922647400864,-1.5094082883194069,-1.370795695905323,-0.24325004439961595,1.5123673943640035,-0.9767119255915768,0.6528404965689176,-1.4386718364296796,0.017541966980102693,0.21528593150060055,1.2237361451872684,1.0309951954890653,0.45406864005855707,-0.2041080332947502,-1.000354533164299,1.4022328255102245,-0.23909684574481613,-1.5197551852380655,-1.6105502948639014,-0.41199785775809905,0.4780770088078287,-0.056622015847319566,0.5946681976982406,-0.20948411010843063,0.36149037673900725,0.9076201378652413,-0.12878587669655703,1.5902787392292892,-0.9450692134107109,-0.6641872418154455,-0.8370643311239959,-1.026808117566417,1.1136193451199314,-0.58235828403065,-0.4095001637802597,0.12203924330261898,0.8272723537017802,1.1187178035910812,0.1636366877413004,-0.8088101744768089,0.027871042743453738,-1.828101704550035,-1.5080523324027548,-1.0399167687774074,-1.0025023161066415,0.7892596836579573,-0.9785185348476303
_,-0.4603586530459034,-0.8387825245869462,2.097111317150113,0.384350339464756,0.8909696502969945,1.0786326133680857,0.3973320945500617,-2.1957599818788562,1.2912390042259327,-1.358948995600453,2.42071519081815,0.42289352791510204,-0.24885339150104205,-0.9831353260396679,-1.1049451519917928,-1.09779065807901,0.4834211784221927,0.7822098995436203,-1.3636179471871288,0.2898071622512374,1.9180911173726611,1.7544025428885923,1.2501705530606226,-0.725410018345152,-0.170338167915299,-0.9940725526008091,0.5844230767892503,-0.2717942809296937,-0.9720505250989973,0.41871264976237166,-0.8893169322579315,1.0255535131410713,0.5907293736418237,0.647981033250098,1.721019353924669,-0.8354779968124914,0.7102633618006028,0.06337239262024641,-0.6355891197764542,-0.728563519852122,-1.0635741272042214,0.09368735659320832,0.6954152455670514,0.09608107488662526,2.501789659722731,2.1340412286042754,1.8850426101412252,1.4635165703002078,-0.6616855727535056,1.3420583185696533
',-0.41148541015264417,-1.0404598054587777,2.2642303792895278,0.561332022315482,0.5482834552757053,0.8569172743591714,0.4263811600874273,-2.2851713147951656,1.30686289645506,-1.5340835855731711,2.616018012782609,0.5707673469871062,-0.24042041430653,-0.7919208376773035,-1.0357307418474189,-1.270284748905248,0.5576224206555266,0.6187714162974254,-1.2232521387263369,0.2849019667740868,1.9121569278480752,1.6556904198858842,1.4910725487925824,-0.764070937761933,-0.250866708783443,-1.0726350736412396,0.6898947652603848,-0.20912465943440442,-0.910896112729366,0.5032898841299661,-0.511867362306203,0.9663247528550891,0.5059208411876842,0.5090466185622675,1.8581881440536043,-0.6418112183740178,0.6997746797832969,-0.08883056722592264,-0.7950501309858474,-0.6205350803344891,-0.9435060283876451,0.19403398710961342,0.584188471110113,0.13978331722386292,2.559260060478888,2.204780016977829,2.0711411418336914,1.5254462822531003,-0.5475278083534153,1.3737960828360125
Q,0.19872921243932368,0.705039443847217,-1.3650591143678432,-0.42282610967001943,-0.09195097368865802,-0.33916579340627245,-0.2555487889478204,1.328331254350282,-0.7375447362785861,0.9634186951260453,-1.5785265850654608,-0.409954730296027,0.12864305207154236,0.3219616343458671,0.5337157704671537,0.8148600925191043,-0.3567566164339076,-0.24282831764292123,0.5938423255925597,-0.1556124513347334,-1.061219176597043,-0.8606135968429727,-0.9804198281116981,0.449599792866345,0.18985899576729068,0.6462922691448896,-0.44989422661142275,0.07743958130901311,0.4692122550970681,-0.3329592007020492,0.050022310520571184,-0.5012806040731265,-0.22894433616521112,-0.19697980854977803,-1.120276237519988,0.2368357996868812,-0.3831855584242278,0.14425133286547143,0.54207742828698,0.2783155374236543,0.45068650668756954,-0.17054897543120928,-0.25608178755884803,-0.10506214746641962,-1.4610859049316345,-1.271932109792196,-1.2693431677778508,-0.888113359199303,0.23383961701497205,-0.784855477599251
6,0.15510125683237946,1.326778097356254,-2.1064076403171366,-0.911700532447995,0.5908979222787575,0.021631872826314603,-0.3897035288480708,1.8981603794321407,-0.9835022123043907,1.6050375089838467,-2.4400506115410763,-0.8348378515520393,0.148441943386239,0.019328644969967862,0.5449945996808928,1.4079860331882839,-0.6137043326642276,0.025217539160449685,0.4752269992902878,-0.19052606460997837,-1.3562877401208042,-0.9054992741248131,-1.7631240725014892,0.6598562301821449,0.4115688944208903,0.9961257926416988,-0.7985575618923617,-0.02988006856884388,0.4784963363863916,-0.6044965443356572,-0.7169424530870181,-0.52383921706621,-0.11966880336810323,0.0336128920534971,-1.728722276619152,-0.09552876044396423,-0.4724500094377288,0.5011432402472816,1.0292159711439055,0.13526576691131997,0.3326331847838756,-0.4276965974504548,-0.0999709220829419,-0.22596955642331543,-2.0032350624240314,-1.7867680083478585,-2.0222642003530313,-1.2735483202385633,0.06521871524736164,-1.0778766160053121
!,-0.4925179615810954,-1.0758486277904469,2.482873541287638,0.5448947443193085,0.8009072365452341,1.0881720407441888,0.4688161459532591,-2.54713920508735,1.4751848833109202,-1.649958532298186,2.867474826184824,0.5707735665512959,-0.27727894453358515,-0.9985037981067393,-1.2116552070856033,-1.351915302914143,0.5942478857400887,0.7874988303283942,-1.4615777089015314,0.32592830378229165,2.1734460448877555,1.9307000115289863,1.5668653201265195,-0.8470946365383931,-0.2427738248717149,-1.1765292905247529,0.7280843482678169,-0.2700225835256751,-1.0657638514267096,0.527171474085376,-0.7776907212325597,1.1276734159868376,0.6184324527254789,0.6501878039693709,2.03761232420989,-0.8294030369106112,0.7997306556602192,-0.02150525527807272,-0.81930239631254,-0.7606239006044845,-1.1334796995613594,0.16793891648589646,0.7210362474469166,0.13588284928759872,2.8748837641548994,2.4656238825558088,2.2538205870601216,1.6991512467104215,-0.6809528085828469,1.5427583025105265
2,0.39813418614765356,0.29630985096740914,-1.2383918424155307,-0.010957003366732554,-1.1367236580059799,-1.091067722277073,-0.2384923365985931,1.4229424922498135,-0.891320381002206,0.7038374977150991,-1.4259512830235241,-0.08121305427757075,0.18867026809546428,0.9784240898545968,0.8846156912430603,0.5227975720328983,-0.23281289452148504,-0.7951441208841229,1.1728092797477996,-0.21246449459264946,-1.3670395376277613,-1.388061161113287,-0.5297369487023076,0.4566314029233173,0.0017668284357191398,0.5879895239694259,-0.25818270138344634,0.28496671316298183,0.7786111992054873,-0.1716755322728857,1.1868625983362953,-0.8136567306793536,-0.543494168496856,-0.6639240314797814,-1.01627067870888,0.8774812087738318,-0.5184481919538708,-0.26952190957379313,0.2147295255636167,0.6753719390074315,0.9303770652287898,0.0817635102660856,-0.6566188627717753,-0.003536349602869298,-1.6867984577269883,-1.4067967507946324,-1.0602041698771174,-0.9449718956298014,0.6370594836823149,-0.903524266231858
|,0.14462017192632146,0.31577615396788977,-0.7288826904933196,-0.15990247101704,-0.2352847108893106,-0.31957255262537043,-0.13762867471672213,0.7477833394441423,-0.43309665618453497,0.48434170362850404,-0.8417868769907558,-0.1675125599718946,0.08141057419070058,0.2932337806884238,0.3557620509528803,0.3968395551171975,-0.17443547590407682,-0.23127260242157185,0.42916739595565995,-0.09569217589683109,-0.6381099858436388,-0.5668806467975094,-0.4599184568109327,0.24868435880073664,0.0712426579834734,0.34538709982917143,-0.2137156878754464,0.0793030059018817,0.31292604626652337,-0.15473797317600513,0.22848315846863174,-0.3311014198054483,-0.1816028600870631,-0.19094879178282803,-0.5981699461364762,0.24358809617653598,-0.234799350892145,0.006249672649615345,0.24047388303587294,0.22335898504395357,0.3328317272824768,-0.04926334160397285,-0.21173769363566372,-0.03987577941563274,-0.8440201419963251,-0.7238589160977009,-0.6616264637112333,-0.49883199921618115,0.19997073064768547,-0.45292891883145575
&,-0.48069009436645005,-1.0613948266311866,2.4385072444296783,0.5403360355068437,0.7719595607806958,1.0578421076085591,0.46034640540004435,-2.4985971061789316,1.4457371022899577,-1.622840335769195,2.8163208764705083,0.564613920708379,-0.27132427764507056,-0.9711245138293437,-1.1844400759837241,-1.3307657210734838,0.5848915799006591,0.7654391961177549,-1.426650070813535,0.3191136712213421,2.1289909798549447,1.8877615754705113,1.5438654641125593,-0.831280534117087,-0.24080456615183413,-1.1554827867726296,0.7171581105735088,-0.26221400051241817,-1.0418154958638868,0.5195632980886122,-0.7479326271871181,1.1025360836739548,0.602715660064173,0.6318271789830218,2.001203096300131,-0.8053749520929233,0.7830666833863831,-0.026684613254571835,-0.8085120783529234,-0.7411561596961217,-1.1059789150446895,0.1682241568119869,0.7022561978965974,0.1347300631125937,2.818492312049752,2.418051751196651,2.214816633901906,1.6668540042256494,-0.6628804074709719,1.5125298850962512
W,-0.024158480957910598,1.9440023748890365,-2.5551509125580294,-1.469078356249452,1.7432829713413416,0.7896798698829998,-0.4662377186517935,2.090212899688716,-0.9764651785609918,2.1128228033475245,-2.96581688625369,-1.295992934933429,0.10993253985935493,-0.6454266003332076,0.270863530102524,1.9188811407505646,-0.832974014804125,0.5908102049327357,-0.04146793986287751,-0.16163764457691754,-1.2512219623823038,-0.5065522809373035,-2.489289011088093,0.7529196346780248,0.6653850315106328,1.2067117956273536,-1.1148286445190663,-0.24549482048587126,0.23647670227214165,-0.8603464182817234,-1.9821127961432954,-0.28567790180124175,0.1820865462445486,0.5136487976226507,-2.0970554762379714,-0.7616403224986708,-0.40662687941961834,0.9981046166085582,1.5184745067795666,-0.2480385874260069,-0.10474366114841127,-0.7492808807278317,0.2922340245382997,-0.3635508761241149,-2.0779020313931107,-1.9209609678417618,-2.54211058139181,-1.4091366776964076,-0.3349928814513482,-1.1208799740381863
t,-0.49378775142156706,-1.0781752115075136,2.4886753544358835,0.545964622984114,0.8033536691122974,1.0911423979235855,0.4699152775825992,-2.553210110275521,1.4787532881971808,-1.6537211541029189,2.874172020459836,0.5719486386833748,-0.27796615178574113,-1.001211659375606,-1.2147050861246398,-1.3549562235575932,0.5955869016297003,0.7896527748345904,-1.465339121446983,0.32672882447618307,2.178745484266765,1.9355430285957982,1.5703303272269018,-0.8491006805777443,-0.24324807226649786,-1.1792794362639063,0.729703831861537,-0.2707707511441132,-1.0684469017491132,0.528332163697954,-0.7801310326565895,1.1305043817132316,0.6200608510824662,0.6519719686440771,2.042373652118907,-0.8317028098458015,0.8016926512985741,-0.02133696345837911,-0.8210656666680256,-0.7626320976465946,-1.136412995800916,0.16820226322210796,0.722952712444692,0.13615027667496588,2.881798803932367,2.4715234231548022,2.2590373010578526,1.7031977270798748,-0.6827759470824338,1.5464678423007823
m,-0.45382488577759267,-0.49284949770452396,1.6195384557080967,0.128670884469949,1.1633759267617938,1.1864957226578579,0.3098518784389935,-1.7940364001729383,1.0974611582325589,-0.972681573968635,1.8666958073288131,0.19540911839300867,-0.2246563156725641,-1.0689583057516898,-1.034009600927046,-0.750118718730749,0.332340769139456,0.8634795071629473,-1.3392084544486014,0.2559802106720883,1.6637245342340012,1.6289223421950758,0.8031520302046306,-0.5822122156549309,-0.05462023732072223,-0.7684463420666792,0.3836612032055914,-0.3067884745186355,-0.9099505882222676,0.264522059744289,-1.2018895837317625,0.953955649782549,0.6077309435859823,0.7193745474436021,1.3290698997005888,-0.9442248908809681,0.6255984237457671,0.22961638930728695,-0.3658290653082122,-0.7534748202844911,-1.0567002967019403,-0.03436306871330952,0.7285150372805393,0.032786181551484626,2.095092789685047,1.7621756226273595,1.4145405125724226,1.1930768503088882,-0.702745858617646,1.122846446006123
4,-0.5233456963507758,1.099337209029218,-0.3681189278699834,-1.100900494883473,2.764753847662282,1.9832071477565685,-0.05128538613115745,-0.21878896584588647,0.38961198199266434,0.7105169529366878,-0.44183993956061557,-0.8804396716439388,-0.15589728920582496,-1.7308588648538363,-0.9165478478221789,0.792985854154708,-0.3367845137033643,1.4569321951335779,-1.5191172925202598,0.1468430460993611,0.7845407480990759,1.3762925284122003,-1.2170332642691433,-0.007866677735668145,0.502681221930724,0.16986886309686267,-0.5184874235302672,-0.5477578338362763,-0.8081806561054221,-0.43510552642687583,-3.009586765618941,0.815298197574177,0.827570040259021,1.2319327574486587,-0.3022462400590691,-1.6910057869209238,0.3490597851667479,1.099279078514764,0.8799091776951876,-1.044897571420332,-1.2596205038293151,-0.6722989861076769,1.0546476064509398,-0.27139212703573623,0.5628190134074901,0.32674444107786715,-0.5842454845316447,0.12933676710958625,-1.0622847488862415,0.29550393158883453
w,0.5585206969882002,-1.73120393386633,1.1409042666589901,1.5928818846513932,-3.426742878351061,-2.3222547731281873,0.1914437666611783,-0.3855078794004962,-0.1227150902763552,-1.3712947475899107,1.3396083175020415,1.3095912348104253,0.13185527865990398,2.0138646532056335,0.8858526733513403,-1.4010262706840682,0.6003318295075144,-1.7091570831837581,1.6127741318988476,-0.10707718652240697,-0.4578387878316113,-1.3007809697358053,2.015915670984836,-0.21361134459155337,-0.7257301167578357,-0.5346159475922525,0.8748432209965805,0.649473525630241,0.7818106844082511,0.711990712817545,3.7550882655890776,-0.7748092475351139,-0.9255980246111071,-1.4493551477891957,0.9364909010209675,2.0061255615098257,-0.24793118979259093,-1.4523686329419376,-1.3746018520065775,1.1740131716133426,1.3580150350882052,0.929166296668921,-1.197311113223029,0.39308602329187725,0.019407137052724996,0.22188346349789226,1.3647735043669145,0.2790292374409773,1.2179595087263844,0.018999604396040825
6,-0.3517670285536899,-1.0566615459321629,2.1597822167002585,0.6051198166660907,0.3260253021721361,0.6708985434962544,0.40546758039342123,-2.1390157990449854,1.2050241194807503,-1.4951407649787842,2.496482668127829,0.5987985672241295,-0.21587271222301543,-0.6270458956926047,-0.9130741798630783,-1.2521626147594251,0.5488862813251136,0.4827321448528572,-1.0482538636773546,0.2584281236812358,1.7483476697357394,1.465748922820172,1.489554457065403,-0.7197082465984675,-0.2711727519885803,-1.0228428127938731,0.686113272041273,-0.1593269015897299,-0.8028779986002539,0.5044555177038736,-0.2748001524771935,0.8546365566071301,0.4197900242233872,0.3948288004859907,1.7724803502107231,-0.4882956439547625,0.6355514181361451,-0.15960459571774016,-0.8101820350819011,-0.512831887511734,-0.8024608834631394,0.2293058485823704,0.47789685600991433,0.15049725028091232,2.3736416692062456,2.0557842538722833,1.9926830390379797,1.4290349729422005,-0.44281160671144837,1.2746136789773597
*,-0.3650481759731835,-1.0513617850258943,2.1807366484756994,0.5941106653149792,0.37690249146111354,0.712894020711246,0.4097030071796828,-2.169638147106095,1.2267815562476836,-1.5019375862458417,2.5204274835145095,0.5914396027927102,-0.22122707068470135,-0.6642202449816939,-0.9400719105846385,-1.2545061955782366,0.5500966663254288,0.5134559367253058,-1.0871471538414728,0.26416489016618067,1.7836245653977307,1.5074803552315132,1.4877117563641502,-0.7288993254427217,-0.2660813024865919,-1.0328421150111096,0.6859767072235464,-0.1705990695128193,-0.8266554894562803,0.5034433235817931,-0.32917470998064086,0.879185876349561,0.4390741352361593,0.4206397443429681,1.789674769540107,-0.5230495000042185,0.6494556151617895,-0.1430157800166228,-0.8054924423135172,-0.5369637252165578,-0.8338705588118516,0.22081789332360985,0.5017539644396851,0.14779995803575086,2.4130372157826714,2.087185464152087,2.0078780032440093,1.4492084087056092,-0.4663563494796185,1.2956548303289597
),0.19556733066087903,0.6345768896279235,-1.2639145820319517,-0.37171761335492054,-0.14104623371405745,-0.35561590829099876,-0.23696713593339574,1.2414724350315796,-0.694691017255544,0.883000695204579,-1.461241332004947,-0.36414886999814294,0.12293099618945091,0.33453592743988714,0.5154240671859864,0.7429938163846367,-0.3255009450908109,-0.25534826110795156,0.5834972422789869,-0.14786638667677882,-1.0040472766209732,-0.8290813423115626,-0.8886823695998761,0.4188741999912269,0.16674269852401233,0.5984935714412346,-0.40859917691047704,0.08309842117526446,0.453179429691838,-0.3013676291663443,0.1069046349143964,-0.48318763645807855,-0.22980425011002167,-0.20813965420509506,-1.0372662016600676,0.25445869461070164,-0.3638602161084579,0.11231078800681409,0.487206619275551,0.2801398125336215,0.4449740195513398,-0.1453596010009662,-0.2596287221971772,-0.09240610743501253,-1.3720031739163145,-1.1911110312626594,-1.1704417903961046,-0.8297005413384637,0.2390674428362919,-0.736865836435196
r,-0.42139904020055785,-1.0400343744609322,2.2846048422130427,0.5557590792950142,0.5832475390442134,0.8869626612732391,0.4304076935440081,-2.311945839638377,1.324958051159554,-1.5430358601099818,2.6393840929057832,0.5676152713581205,-0.24463556414177376,-0.8186148044105648,-1.05646703515334,-1.275544168202911,0.5600502439721265,0.6407286729476277,-1.2523372332473375,0.2894982029840419,1.940889961551982,1.6879036816082975,1.4942343380088228,-0.7723362833620346,-0.24826376613789264,-1.082334644401103,0.6918271274277153,-0.21712805261239573,-0.9291552249303839,0.504101257433007,-0.5490177407199711,0.9852523550364266,0.5200470301570065,0.5274612324716765,1.8749073830399445,-0.6664782769439808,0.7109417070480026,-0.0782145860481471,-0.7943055206057282,-0.6381755454504977,-0.9668646904582934,0.1890375917533007,0.6015422899093751,0.13842452788363035,2.5925899424416583,2.2318295906993253,2.087173563684643,1.543143510072147,-0.5645693844414302,1.391617774448823
#,0.17591672810617115,1.182153312322048,-1.9564965080674197,-0.792328210106482,0.39482751817929274,-0.09445442638878775,-0.36294201838725515,1.7949275430474518,-0.9459999390876682,1.4659238577548512,-2.265502476119892,-0.7329162212784582,0.14840025689327804,0.11831100579173438,0.5647588707508323,1.276131169098249,-0.5567448021486681,-0.060632858209324896,0.5341208810531158,-0.18739093791983297,-1.31887871636316,-0.929857423333586,-1.585046884552176,0.6200233583798663,0.3573507012212709,0.925476367082827,-0.7197967494681534,0.003642298942034743,0.4960496532573535,-0.5424094979323024,-0.49900813502516467,-0.5390359668498906,-0.160252690468424,-0.039729674381442634,-1.6056830227691437,0.008160076546377773,-0.4638037791958729,0.4069316858087821,0.9154571117830095,0.1874738212636462,0.38521652583483745,-0.3626781598407792,-0.15489815590386397,-0.19646768569624243,-1.9134953571893372,-1.696583570745922,-1.8649835654025502,-1.2032752465950474,0.12270972702460294,-1.0291663230213683
*,-0.10472829720449793,-1.2499906819663216,1.8970396066265727,0.880875995692543,-0.7011835699942204,-0.14518572291905119,0.3499004977890892,-1.67453070338988,0.8500886663764651,-1.4728119606776968,2.1984986846844334,0.7985057666009742,-0.12213969709569153,0.09272566073388311,-0.4265703484900698,-1.3027707080369748,0.567281235526567,-0.11495397795128297,-0.3262453364889233,0.16014876513565096,1.1566035653488995,0.7180452052113168,1.6455973385895497,-0.5864464667183802,-0.39801587084659223,-0.8968473808089482,0.743248369208107,0.061363990738111045,-0.37430163209822975,0.5653347524196362,0.8288491028390564,0.4141823930193495,0.05389107948857476,-0.10813305128689824,1.5569029681541724,0.19236112686193696,0.3980799688231307,-0.5155798736064683,-0.9713725711102253,-0.05396323459225961,-0.21588669576666394,0.42313317523477206,0.021949081860398616,0.21823608645608983,1.7461475486589302,1.5685907884557102,1.835918684818824,1.1246152444069122,0.009448211400267173,0.9400116140706543
V,0.5236564591541174,0.08848768252398428,-1.2249733431912628,0.21125205538914005,-1.7521779037890288,-1.5461374136206187,-0.2398754912735251,1.5373753634154412,-1.014102535663069,0.5947817495691099,-1.4068649820709904,0.09292505055932221,0.22951677602133366,1.3768808102355519,1.1136841592840487,0.38812860597444054,-0.17614988571810417,-1.1291387969198718,1.5380085524558798,-0.2526523030430777,-1.5931865545501094,-1.7349761080008268,-0.3096110501853962,0.48073932930398866,-0.09985543462161302,0.5826127425559641,-0.16600602926412122,0.4098481628580259,0.9805263047816581,-0.09210421459205377,1.8543271325766388,-1.018740030221328,-0.7377389156138896,-0.9459233369711241,-1.0052277816030168,1.2628968704294787,-0.6146391547510389,-0.5052331549352238,0.04728237797422466,0.9200922008124344,1.2311171825447658,0.22182400716217165,-0.9023871824721238,0.05120106595314702,-1.8838508096787185,-1.54227652251758,-0.9942696390227098,-1.0177371113928895,0.8834085934336519,-1.0078669512764418
o,-0.2588389663354855,-1.1126026190494847,2.0384468232343322,0.6962780081283072,-0.046055455825454915,0.37010250439188364,0.380452946973,-1.945672713531749,1.062693250929654,-1.468302571801804,2.358280330647694,0.662793704604907,-0.17957503789518733,-0.36130411463216516,-0.7272908264446212,-1.2545139311915114,0.5485596162819968,0.2625429303927636,-0.7764033339215549,0.21996561481131718,1.5143397197802058,1.17943308976752,1.5266839891768333,-0.6629017976269987,-0.31319432896706756,-0.9648197262970694,0.6979352034801664,-0.07826214577592586,-0.6392342771488155,0.5199076643783289,0.1240180612689189,0.6860857211967429,0.2834260499371026,0.20967988270212515,1.6729209332068626,-0.2383141022742884,0.5424747931564343,-0.28511302633806446,-0.8577159850003468,-0.34199139855556804,-0.582223525967893,0.29585043692434476,0.30854289807960095,0.172866714915493,2.118948158959342,1.8553551995736441,1.9114173124725922,1.3019775023677418,-0.2752208594666116,1.1386898947004955
f,-0.4008907154841309,-1.0417436121143875,2.2435677773240577,0.5679089502004427,0.5102097701052115,0.8245020287920111,0.42228115588771503,-2.2574772139782744,1.2879601260408444,-1.5254272352294116,2.59233663029649,0.5746857487168182,-0.23596698092341645,-0.7631453282126519,-1.013707022521022,-1.265488348576777,0.5553857976071261,0.595076409418541,-1.1921814536654642,0.2800637275883764,1.8820137714566043,1.62151378042338,1.4887591220162675,-0.755567663589476,-0.2539297152118702,-1.0627941877999751,0.6883074059366521,-0.20047499413606487,-0.8915025059466819,0.5027907609329693,-0.4713575388740029,0.9462384224411855,0.490761171487067,0.4891668774045584,1.8412325886753325,-0.615150163969637,0.6880256181775549,-0.10059075954172139,-0.7964931212689003,-0.601595214315464,-0.9185222230534155,0.1996881890375662,0.5655357857360112,0.14138918520166377,2.5245618142009696,2.1767200302856025,2.0551087980894605,1.507153002312285,-0.5291902449197766,1.3552469061213805
5,0.32236222052421765,-1.6700586187969,1.5578696733551913,1.4219126715643933,-2.5503112240657972,-1.5877156489612583,0.274863937516608,-0.9667300425226351,0.2815464054443878,-1.528509127007733,1.816865739701648,1.2006802667262504,0.03459955023519458,1.362734526921979,0.4003190641689475,-1.47559898249906,0.6361421166829965,-1.171993802394412,0.9206929181140813,-0.0021252267950491667,0.1919398530213377,-0.5487697540268447,2.0256781309552254,-0.39020900301834677,-0.6464213003931679,-0.7333734588842931,0.8914826846533402,0.4528867305670245,0.35422619665847765,0.7086793625588997,2.8204451935099013,-0.3326347661125856,-0.5852129268281479,-0.9983824186549752,1.2786437973398364,1.4000988511590104,0.006695122197536285,-1.173953860685764,-1.3170454591751772,0.7484057369696335,0.8003189560041708,0.7907921372751311,-0.7773533990233154,0.35125971628861336,0.7566921689812544,0.8140836942922657,1.6789247288111744,0.6624775257207064,0.804297340445724,0.41297278433131474
=,-0.46867328074258163,-0.9408300843997404,2.251486062892003,0.4563885551737733,0.8329048855842845,1.0660705936658021,0.42579947819474234,-2.331819861412218,1.3602044012482066,-1.4789638569927899,2.5996274881251944,0.48815057045256816,-0.2587240624747552,-0.9749348972161098,-1.1392760413224778,-1.2040122657363026,0.5296712854303584,0.7723069587749776,-1.3895618379705696,0.30277152583772804,2.011825980461165,1.8122553302770674,1.3844269056217033,-0.7730865671058981,-0.2028899921854349,-1.067053404855266,0.6450492032109159,-0.2665958614178287,-1.0021732600282944,0.46484208499843965,-0.8207790575999364,1.0589159324778763,0.5947945226864703,0.6387186543782629,1.8477149662200414,-0.819192190296217,0.7424948286081506,0.021034279571162783,-0.7149004605104253,-0.7325514641879364,-1.0806447759742173,0.1283461147101762,0.6967966328497041,0.11392794797905023,2.643540665059038,2.2614466648627123,2.034530685025592,1.5549011480046921,-0.6605113628219249,1.4183706465819719
S,0.1468388043626963,0.3213845806872263,-0.7410888932715191,-0.16292792676184373,-0.2382421956090094,-0.3241933973133047,-0.1399272570620358,0.760102794834595,-0.4401421718380146,0.49261148678729033,-0.855889515860855,-0.17058901676429206,0.08270677242194273,0.2975040757063734,0.36134622115985376,0.40368715243995207,-0.17744140242903322,-0.2346092835546832,0.43576286092443256,-0.09722816788783879,-0.6484188741790263,-0.5758072917449483,-0.4679560571657133,0.252803457515238,0.07259476763698793,0.3511695536024876,-0.2174345808700248,0.08043072984215069,0.3178371684973985,-0.15745093351737202,0.23124447496094616,-0.33631136129575623,-0.18433077918166924,-0.19369381017838969,-0.6081872223362806,0.2470491282301308,-0.23857203903431315,0.006727881801129158,0.24475944496122115,0.2267049210638083,0.3379189262261075,-0.050308962839233196,-0.21488769166848154,-0.04062918234446747,-0.8578174165569594,-0.7357450496078669,-0.67279159287379,-0.5070557345007713,0.20292309633867203,-0.46033521240994985
6,0.1747237800530174,0.35377176864144927,-0.8434215685679951,-0.17241043352530144,-0.30792925677489663,-0.39632087740573535,-0.15948150076118053,0.8726707139977766,-0.5086803012455087,0.5546892408125866,-0.9738612906803165,-0.18399113663685274,0.09664082394956777,0.36255693653387155,0.42522836474746006,0.45186987689584307,-0.1987704434538781,-0.2870832846071456,0.5180815080783369,-0.11314390195014662,-0.75207634743856,-0.6765290220177278,-0.520009635085064,0.2894143900250684,0.07666466207838654,0.39971879584704517,-0.2422209336425716,0.09903638384899414,0.37405280504367666,-0.17463827785709438,0.30304508342461295,-0.3952859130748121,-0.22151248373528334,-0.23738759656396138,-0.6921664482867501,0.3043066078725566,-0.2774814077136552,-0.006327748920260501,0.2688802254145379,0.2727796081486134,0.4027953968317791,-0.04899588383880662,-0.25938011771548003,-0.043033873219778765,-0.9888875184783436,-0.8461727180017637,-0.762502718851052,-0.5819364718942717,0.24578501691808366,-0.530588814114782
L,0.16972759393314896,1.230151498358024,-2.0077684377617966,-0.8315644535466603,0.45738960669582884,-0.05809568520182864,-0.37212328938747313,1.8311649581151075,-0.9597750290120465,1.5127762941722713,-2.3251745996290714,-0.7665338663302006,0.14872176201507034,0.08738778718103915,0.5597087750346453,1.3203034558269513,-0.5758380103532807,-0.03372497576587436,0.5166853922633978,-0.1887675758241482,-1.3333992908888583,-0.9241194183857568,-1.6444162915497664,0.633854957774714,0.37516633113176145,0.9496466880361573,-0.7460939015320109,-0.00690616511578297,0.4915529975020656,-0.5630875473029685,-0.5686715543134702,-0.5353707090596103,-0.14780602678985036,-0.01671701076477005,-1.647764130425464,-0.024474084340986642,-0.467490227748909,0.43744406356268334,0.9531815665838234,0.1714233290162767,0.36945877029150803,-0.38390580548675857,-0.13792371429423655,-0.2061659465261394,-1.9457302358706212,-1.7285077471547705,-1.9183859507232042,-1.227904326906995,0.10486107592786871,-1.0466435857902263
G,0.7134111463669502,-0.6502970075438902,-0.6354353066692789,0.865254516149853,-3.0449296031711057,-2.3906515510241793,-0.13793052866243444,1.2393120534024678,-0.976681597461708,-0.03658382301582283,-0.7174186993246824,0.6377208140173622,0.26499584904238666,2.106071651167601,1.3897340456828025,-0.23760635945145564,0.09283979888810097,-1.7514677116293988,2.083660926223764,-0.2756330271275363,-1.6463138600028804,-2.1315574647366393,0.5688507387269168,0.3482390348471869,-0.39750692171371915,0.30560428957904434,0.21800303290260287,0.6480222372435027,1.2243620146507057,0.21663755457858552,3.2767334036324174,-1.2562567311074242,-1.0636529738033111,-1.4746735654861975,-0.5213397425149329,1.9988500480556344,-0.6652417830756204,-1.0740348930288055,-0.5373017389726908,1.33485276002163,1.6962032132890703,0.5946433244029896,-1.3285432351736626,0.21267551401524598,-1.709884426389268,-1.312872078483115,-0.33050422676341906,-0.8103604406563143,1.3199534424043835,-0.911155916430864
F,0.7376166937383302,-0.9168328885310176,-0.32924860413080775,1.0777485764042214,-3.3568681494547263,-2.561912887789639,-0.08271189536328385,1.0101524556880441,-0.8814086165098598,-0.30641389705554994,-0.36142470231699964,0.8214587953674658,0.2588623715369938,2.250554474354442,1.3964474606771897,-0.4887221659084427,0.20154234942965146,-1.8784993835967891,2.1506576933564667,-0.2632378687668936,-1.5359282489460713,-2.1302660611577533,0.9023332754774016,0.2627848474712985,-0.4939173638159894,0.16116581759661408,0.36626445046160605,0.6984443294756905,1.2305507131385736,0.33248894745609386,3.6259170603004613,-1.257131930061158,-1.1183214740411314,-1.5836912897600295,-0.27004203151651524,2.1549388848826285,-0.6332255137291241,-1.2328066205080022,-0.7463642737554016,1.4059436854153777,1.7597712523719333,0.7075647012080524,-1.4050688219117173,0.26521824888898343,-1.496230023584147,-1.1074199449842574,-0.016943566886893288,-0.6551258416835848,1.401663414638683,-0.7955726931764391
[,0.19090282563675612,0.5707321069302645,-1.1684674090098721,-0.32636295894317197,-0.1792495217120814,-0.36509549619867987,-0.2193808099074628,1.157825356152376,-0.652536766472511,0.808425554136306,-1.3506096888669055,-0.32316602759224966,0.11698547274561556,0.3411066684942726,0.4950733462893404,0.6768456462808953,-0.2967067177156838,-0.2627278821188851,0.5688428819500443,-0.14000661728920238,-0.9469765886287337,-0.794639758836215,-0.8048876045039038,0.38950321968908913,0.14624376794189528,0.553374449720501,-0.3707872437324066,0.08678194515197686,0.4353267152308083,-0.27256154569319824,0.15177604524813645,-0.46334489743437607,-0.22802499699384154,-0.21492727523084518,-0.9589324325977651,0.26597663041463204,-0.3443055380694957,0.08525850248334657,0.43756410468046253,0.2785986964327359,0.4355597340855569,-0.12341366622929481,-0.2597022934156513,-0.08117104733150088,-1.2851509359225675,-1.1128914067031923,-1.0778162307548658,-0.7735035618332293,0.24072244766614814,-0.6901019512731988
b,-0.4841438319602214,-1.0648361183455808,2.450417559228788,0.5410834570458007,0.7810772490759674,1.0669857834321768,0.4626286519542507,-2.511906962026901,1.4539265632444474,-1.629902761660589,2.8300455664234705,0.5658958652009143,-0.2730148330550904,-0.97935202326004,-1.1922580006337353,-1.3361666998803503,0.5872871878386395,0.7720960930962569,-1.436837147696894,0.32103422806853504,2.1414419816103596,1.9000649670911458,1.5495800132484445,-0.8355882192961749,-0.24111528360365653,-1.1611349400759452,0.719899586197214,-0.2645847399450303,-1.0486957336233405,0.5214390542327304,-0.7573806027187354,1.1097431174150705,0.6073641834692705,0.6373764821271987,2.010977236356038,-0.8126724991423184,0.7877585740914441,-0.024782329739040484,-0.8110546010610539,-0.7469229753828139,-1.1140283234162796,0.16784525351333263,0.7078402122318703,0.1349222040278873,2.8340927099013333,2.4311459854994766,2.225170617455863,1.6757023757225518,-0.6682752418674759,1.5208896421777973
f,-0.4697169706352651,-0.004302650196976137,0.9981527222659392,-0.24572796227421528,1.6357571288907566,1.4145587166162459,0.19677386898152457,-1.2957368256236232,0.870213013178862,-0.4510399886104686,1.145159959721745,-0.1331297260538552,-0.2012309535753046,-1.257478512590851,-0.9865508221234424,-0.27351427000087003,0.12559329464287539,1.0335910551478356,-1.378448942559798,0.21994978461043813,1.378030827949462,1.533659385132247,0.18124311933637313,-0.4013517857386038,0.11503316378839026,-0.4750634835402367,0.10565095049202235,-0.3763631769443992,-0.8686707974546235,0.049299397589241706,-1.7364062396833935,0.900984372784014,0.6674529917681483,0.8666000644173245,0.8190857362232788,-1.1599165327702927,0.5345656933639998,0.49075557121974334,0.016187120083472367,-0.8332401913126645,-1.106153018179737,-0.22745443218367634,0.8190934539919257,-0.0598456456094115,1.6063818396911496,1.3066466241217531,0.7921254261376006,0.8567935561770822,-0.8037512356391394,0.8590657250370832
"""",0.6336087612601583,-1.6619741764725313,0.8894519617896703,1.5808179405395628,-3.629739900166721,-2.5231088235891477,0.1431942681432246,-0.10233575950769108,-0.29782800031713835,-1.2238887662914444,1.0499114842519184,1.2854253666552369,0.16826412523878934,2.194408869418856,1.0548986845053139,-1.2891583497591994,0.550661211908796,-1.8554305785878384,1.8341678405943942,-0.14833515003265238,-0.724737577156076,-1.5665877362030804,1.8988561044753112,-0.12218074341800787,-0.7208700966602771,-0.41527022596748586,0.8184601639046433,0.7016659376997103,0.9305866011050657,0.6736896376554091,3.965937618108307,-0.9305438880394125,-1.027086708490079,-1.5713512529596332,0.730138350771359,2.166799790656247,-0.3486904007668583,-1.496522396343612,-1.3236863236362193,1.299979803869387,1.5331555776193833,0.9395238921394314,-1.3194325517724506,0.3899446708668336,-0.31355335537317125,-0.05708562543198025,1.147089624975207,0.09083240445321307,1.3360931240099316,-0.15940232933278595
7,0.34421923782267877,-1.6853799817938406,1.5322320340005722,1.4449743507989707,-2.6396725185133914,-1.6592618700213269,0.26951056686341357,-0.9236555150707948,0.24920623577442275,-1.524573966414916,1.787726398638711,1.2171669073066769,0.043003027015054276,1.4258843044148775,0.4436580544694612,-1.478303291697698,0.6369995296814728,-1.224381481364318,0.9846003964368293,-0.010979263935456162,0.13837175933614865,-0.6154607217653761,2.0371919551767466,-0.3777088543479868,-0.6570388819772166,-0.7210964190387581,0.8955100396114365,0.47220513466513575,0.3924028835510692,0.7132741062161234,2.9163552784187625,-0.371909015968772,-0.6174506752723437,-1.0424521748753697,1.2576078602729168,1.4596766875636735,-0.01471368391519425,-1.2045566458613288,-1.3299146730874383,0.7888163980561492,0.8521728381116475,0.8072645566710979,-0.8174644196158377,0.35692228306796786,0.699191879421398,0.7691547771834951,1.6626853140054028,0.6342104873549603,0.8440421140764885,0.3822996721853368
|,0.7384342285820278,-1.2162809671325467,0.0704737558522088,1.3025018354478108,-3.6152631833994784,-2.674798192318883,-0.00968416015015894,0.680201902289609,-0.7256313239783918,-0.6346256290413885,0.10245843508253423,1.0202488788744069,0.24068635283192144,2.3421923774507007,1.3486300863222105,-0.7859650522457099,0.3306160016122747,-1.9631089956712677,2.148524198937525,-0.23698235841261586,-1.3346930927935408,-2.042765341542338,1.2868618622482568,0.14433689918213663,-0.5956910539403907,-0.02763228473628004,0.5386269886580276,0.7339298393877596,1.1887583526986862,0.4653069943868358,3.9204752941163763,-1.2075617051467007,-1.1422413429916396,-1.6574484652018036,0.058016144141146156,2.265079452042249,-0.5672912599171465,-1.383504419389415,-0.9801445327252027,1.438996929382005,1.7690668131926406,0.8215653966994403,-1.445016633234345,0.3208436011261502,-1.1662554591738619,-0.8034706811055585,0.3794967759122057,-0.4327900455194348,1.4482919161774617,-0.6176210745359267
y,0.16278983361237845,1.27840288419531,-2.05779817130481,-0.8713871455021626,0.5227806609167254,-0.019386551416808985,-0.3810546630288352,1.8656257506509477,-0.9722997872270334,1.5591955833175675,-2.383426171170888,-0.800536125825197,0.14873863782135488,0.05438274200398907,0.5531293503993202,1.3642983697468578,-0.5948433320409096,-0.005097859609874099,0.4970568935732844,-0.18981679548481797,-1.3459004278440383,-0.9160154023977052,-1.703831048147868,0.6471503610011955,0.3932535085763689,0.9732245383462665,-0.7723725141966904,-0.01808471772514039,0.4857094773127974,-0.5838024423874125,-0.641355605190133,-0.530313889462496,-0.13427582501387542,0.00773956722283293,-1.6888259293067827,-0.05905079513088064,-0.4703827629858698,0.4688687276554212,0.9911348182866186,0.15401738898122208,0.3519316480640564,-0.4055946220062862,-0.11961036284616708,-0.21600780470002104,-1.9756938821803738,-1.7586153492943148,-1.9708713407314544,-1.2513622445492465,0.08569214220844645,-1.0629075232710603
B,-0.45362837073340817,-0.6256889536071563,1.7972120594708498,0.22828658613828512,1.0493281120089573,1.1369191245173214,0.342317260378606,-1.940863849134111,1.166873220965772,-1.118438874707121,2.072883724903735,0.2835471444376401,-0.23279054603887434,-1.0287516878632827,-1.0555707983052547,-0.8820751580425521,0.38964345919579896,0.8263115093507111,-1.3406424851006578,0.2677051995033073,1.7534817534181788,1.6682809644824141,0.9737965738895181,-0.6348987881703674,-0.09972729625047089,-0.8523669665269171,0.4601601888772012,-0.2911799038380502,-0.9287973365747695,0.32345881078908,-1.0718350416206635,0.9762641608093422,0.5973559640272563,0.6869617217702729,1.4748892686734998,-0.8957758101082235,0.6550365574567624,0.16293904644800633,-0.46953042202986445,-0.7391068343886454,-1.0529679748022207,0.016128236457325057,0.7110835535495401,0.057440932723422634,2.2420407732783114,1.8974725184358994,1.5906853060435937,1.292010133308774,-0.6823453320541439,1.2020913015636179
W,0.026528990237622566,-1.3866738955624927,1.8029704385648253,1.052833625234848,-1.2759462042098737,-0.5913135923999964,0.3286978018448332,-1.465416675051114,0.6793428175979228,-1.4982616576595718,2.0930108527399396,0.9271344335581729,-0.0744383919147456,0.48530161251178233,-0.17369781529043266,-1.3634260288071172,0.5917187021535215,-0.44191024108763266,0.05686011207433521,0.11095192319148543,0.865291794781569,0.33099996639190316,1.7721539375622903,-0.5291545763829815,-0.4769305579187191,-0.8514096500317786,0.7931750693218351,0.18257240413968817,-0.151500673968085,0.6127546959387824,1.4483078659467234,0.1859590045546317,-0.14310047983870913,-0.383562282149592,1.4797305437234443,0.5662722616976741,0.2794895177332366,-0.7217122894172674,-1.0835279904287283,0.1934283864558828,0.09660940157616257,0.5390026391794759,-0.22467535679787892,0.26052425995219236,1.4504871681354141,1.344464478859281,1.7977452677268329,0.988255697654848,0.2548738809943133,0.7825820791400674
e,-0.4933526672921878,0.4409222851986231,0.45120586757554476,-0.5917780045385976,2.0981956041234304,1.6499930361489061,0.09753682443420511,-0.8667795337653309,0.680028924942579,0.015648213250998383,0.5097903348888754,-0.4351851149833615,-0.18379880938674656,-1.453809786862267,-0.9625103834891107,0.1555809509062541,-0.06040974344415421,1.2087815589546165,-1.4410687844326309,0.19139281251080908,1.1444661375445448,1.4767033141619414,-0.3820940610450199,-0.2443164917312104,0.2719125018677711,-0.2169002960327851,-0.1456963400749631,-0.44711185482319127,-0.8479661744950943,-0.1459149545455859,-2.2574416159484194,0.8702524713260558,0.7348914577937522,1.0176770354290943,0.3701927885285084,-1.3791139619260293,0.46200305030680666,0.7383429766345984,0.3647088697359538,-0.9221776216044744,-1.1727769332122764,-0.4078873648833,0.9176113584458077,-0.1454450306979869,1.1922159304781683,0.9168870870523047,0.2402268948773411,0.5669628971323543,-0.9114744107342067,0.6353651711064686
9,-0.45346951408570324,-0.5389918743293458,1.6806475849928537,0.16342501178486035,1.1227588205698753,1.168409461274423,0.3210092411232733,-1.8442484757216104,1.1210412169639,-1.0230382158020999,1.937620219068875,0.22610737275350512,-0.22735893846671562,-1.0542229471537519,-1.040896391391306,-0.795789806579387,0.3521694811926606,0.8499365347765275,-1.338864043612797,0.25991872889645407,1.6940615804649937,1.6416570879435508,0.8623187687007049,-0.6002688541073968,-0.0703595804400455,-0.7973078307673308,0.41017040353601897,-0.3011364126377203,-0.9159665013782653,0.2849650360059279,-1.1556506323524283,0.9611543389698107,0.6037189722371148,0.7075854701479821,1.3792231400191586,-0.9266859461997398,0.6354977281763874,0.20615443029065278,-0.4018621406054139,-0.7479744464189239,-1.0547276647994943,-0.016684661279007338,0.7219591301278907,0.041387187033858616,2.1451568587740137,1.8083756124559682,1.475244503609053,1.226920023272787,-0.6951679601335358,1.1498489773963225
=,-0.5256684602168725,1.4645514033201106,-0.8528292875571749,-1.3757176746633555,3.084525692362018,2.1248815991416854,-0.13979941854999292,0.17998331597518966,0.20207180600316585,1.1095523765668118,-1.0043900661358818,-1.1232726980925698,-0.13429655384605368,-1.8461752895181762,-0.8610109352285827,1.154750677879985,-0.49385667612735157,1.5630445993585411,-1.520405432043833,0.11544086633446324,0.5429903816566528,1.2738992904218112,-1.6855178104105315,0.13546743418430754,0.6271356775637209,0.3987985641106646,-0.7284138063217525,-0.5921004480477426,-0.7596595585221511,-0.5969599142894667,-3.3737496531355142,0.7573819070671821,0.8586279669971377,1.3243375391423173,-0.7000556698629546,-1.828613921638256,0.27015074694134866,1.2844649284705454,1.1650884581810996,-1.0875630440579274,-1.2740797825212595,-0.8119835697985516,1.1056822162795787,-0.33940531928418016,0.16489415517197373,-0.040284188396318685,-1.065534337392116,-0.13942035812017745,-1.1214242635345897,0.08088704628812556
J,-0.48870545272698285,-1.062395429734994,2.4567829611027583,0.5368374394305219,0.7990812623594457,1.0816385674135605,0.4639313706027991,-2.5217364408734726,1.4610736281826606,-1.6315556336738402,2.837304606824514,0.5629569457791499,-0.2748154903492056,-0.9923054611576525,-1.201428175773332,-1.3363548361330027,0.587435050580007,0.7828202310612071,-1.4501862745743805,0.3229494231563426,2.15313651002023,1.9142114784216855,1.5481498019363682,-0.8384981975542353,-0.2391561080989838,-1.1641765006692875,0.719495205153704,-0.26852850536425976,-1.0567727737721637,0.5208160545156908,-0.7766604013307438,1.11806902401039,0.6140347669132106,0.646391342953078,2.016200319372127,-0.824833265212951,0.7923956632531016,-0.018774196961436947,-0.8089596065706959,-0.7552769118627503,-1.1248317442540283,0.16469456811747246,0.716114123520914,0.13388074933883845,2.846934313059626,2.44129680616068,2.229565381305632,1.6821675451786293,-0.6764557623591384,1.5277447877235542
-,0.7419777841456098,-1.0711074321333636,-0.13163705938270784,1.1956287811939998,-3.503743543987178,-2.631949345672926,-0.046729936570158434,0.8509915149022549,-0.8084329610330261,-0.4717637782951446,-0.13198306839340967,0.9250153093651097,0.25118380930453144,2.308324261948519,1.3800811629744119,-0.6396022958025974,0.26700274672387264,-1.93076949477632,2.1611201546103946,-0.2515528147479905,-1.4437867674279983,-2.098039199191388,1.0989671292881489,0.20511300776447325,-0.5473279113537659,0.06785962469527804,0.4541996074987667,0.719887395803732,1.2163004752462605,0.4005188175158964,3.792272165202432,-1.239144661300557,-1.136246117731458,-1.628968303111633,-0.10785830321009973,2.2214250950786862,-0.6037322100177138,-1.3145799959147235,-0.8669709452906775,1.4299654686363734,1.7738393870942413,0.7682189756286497,-1.4325248344181383,0.29438489039046917,-1.3396622775486347,-0.9617494132022609,0.18070477500760387,-0.547738912446862,1.4324334147182463,-0.7110767353529985
_,0.7416802508275853,-1.1206976157309234,-0.06452627969285844,1.2326196587217868,-3.5450241232876993,-2.649338537696378,-0.03445577001393208,0.7951601251599679,-0.7818354571442736,-0.5265287255247869,-0.054112286759318444,0.9578106668904512,0.24798854252833866,2.322339825042364,1.3712537403995637,-0.6890754336745314,0.28849206802347904,-1.943827572762044,2.1594964293815657,-0.24700239642187824,-1.4091937772918,-2.082136292664254,1.1628090434175902,0.18512906801859513,-0.5640748049618588,0.036158323705151964,0.4828388440375964,0.7254166419028412,1.20857939011878,0.4225578651691605,3.8394483201471914,-1.230105842203804,-1.1395919053459322,-1.640383209781635,-0.05277957750844396,2.2385944692075035,-0.5923213446036244,-1.3390820511740298,-0.9056681764783038,1.4346708741109662,1.7743591816153192,0.7868869519050293,-1.4383849635815407,0.30354084970097983,-1.283540608485557,-0.9102135751030589,0.24708219550371988,-0.5101322181136135,1.4394139530233874,-0.6808176133781801
x,0.1408816329749669,-1.506596660996162,1.72214660769847,1.2032763098776629,-1.7774044745668487,-0.9802954445961364,0.31043234984151047,-1.2841696701042573,0.5310301459478817,-1.5213598487948563,2.002420309691952,1.0397559611922453,-0.032932698184216486,0.8275694618246123,0.04646778316480013,-1.4171076557108198,0.6133728367282514,-0.7269908823001072,0.390612595493815,0.0681661395172119,0.6120713608699462,-0.00594382196348964,1.8834946750103323,-0.479576728023152,-0.545967752408979,-0.8123576673860183,0.8371574409313214,0.2882684205473279,0.042483810534252174,0.6544415580336558,1.9888071548810586,-0.012727500787608481,-0.31478553516682845,-0.6237223322235608,1.4134247020701436,0.892331703673145,0.17636057950035677,-0.9017187094383573,-1.1818969367326895,0.4090473716066333,0.36887983043650585,0.6402690691960222,-0.4396454434131835,0.29752243220311675,1.1938417176525706,1.1500654832838084,1.765608117392697,0.8700880155046695,0.46881847027730394,0.645933080080772
?,0.25535676418913095,-1.6160399957696647,1.627014934901677,1.345933652937722,-2.2703473714382962,-1.365782329437983,0.28954827326307137,-1.0909604976328067,0.3769867168808041,-1.5328284315317366,1.8952295741559904,1.1454644100771596,0.00927372664164707,1.1670352874148753,0.26862391497142235,-1.4603004163146955,0.6304701298519327,-1.0094434096810674,0.7248831414570613,0.024390892334301664,0.35136619350384984,-0.34644270115043363,1.9813219961318653,-0.42572514040324866,-0.6114807666877423,-0.7665465983820532,0.8750746560671431,0.39284382215572927,0.2382100871870489,0.6914650994676272,2.5195580527343453,-0.21343834945224818,-0.4858483068814887,-0.8615802918130063,1.3353762349681517,1.2149103085694337,0.07075256777830394,-1.0766098956754302,-1.2720908389634924,0.6237778145936421,0.6411808154291041,0.7376196442739523,-0.6534811880869433,0.33259345750731045,0.9251333335345664,0.9446106270380777,1.7193442401379222,0.7438649309149196,0.6813900171047258,0.5027810031733962
#,0.17512594283435667,0.4423943914762884,-0.9630815276086506,-0.23858550163409065,-0.23370453548729805,-0.36485404397614984,-0.18136268111980813,0.9720909187690516,-0.5559733015578863,0.6524365806869212,-1.1127101576562815,-0.2426372310910507,0.10229565474123567,0.33716252531014107,0.44073193491953827,0.5402090654889318,-0.2371398828286618,-0.26346177489420897,0.520603076777723,-0.12121539328599851,-0.8135181976448383,-0.7045264459444973,-0.6340530612379656,0.3250174609312838,0.10662516899182638,0.45624191227044686,-0.29337365935785087,0.0890511196077642,0.3876117288426945,-0.21401119123572063,0.21825647419376748,-0.41119087760182454,-0.2153490367948431,-0.21674870041986904,-0.7903730279161547,0.27330285648370234,-0.297726585747944,0.03759583269822962,0.3380414429129898,0.2641406248911691,0.4015613396194447,-0.08242061393574789,-0.2486814022035605,-0.059413216041134836,-1.0887408004560022,-0.9379132297847066,-0.8809089043630222,-0.6489079628105775,0.23308822326402648,-0.5844286550195019
j,0.6590927740554146,-0.3381763538391016,-0.9391141760432329,0.6026525140731778,-2.588988892605928,-2.111794099832106,-0.19177069602651026,1.436280167841588,-1.0402552955887294,0.2547155211919352,-1.071345648728726,0.4150395484530269,0.26106595671841404,1.8672749794686265,1.3273604245905655,0.041569521597152985,-0.027611831509447238,-1.5454919500801396,1.928988101788899,-0.2780071168480123,-1.6995418541584222,-2.048337584269846,0.1880498518545786,0.42621006635163644,-0.2781662472961227,0.44862759964017707,0.05008983169988369,0.5681379199935532,1.1691160838673746,0.08359289335155622,2.7715836806204153,-1.2054524936055224,-0.9627097615662911,-1.2990347872067611,-0.7705864685094335,1.7518422840160415,-0.6732279730614099,-0.8608535401236171,-0.2914031305086324,1.2055042078464433,1.5605926839183997,0.44974200371350803,-1.1936072964853834,0.1477932847661868,-1.8715188562776204,-1.481454216790536,-0.6542075969489441,-0.9449456904673231,1.1797894693891815,-0.999147444042334
{,-0.3681751696173465,2.206375535025292,-2.1800828116076527,-1.847954750600889,3.1678894778608173,1.9236018377607955,-0.3871788902221197,1.4357900085681994,-0.4785978242508748,2.074203253347261,-2.5401995618649043,-1.5695558152560205,-0.021020232525323434,-1.6457069211654571,-0.4077561247191914,1.98254615838138,-0.855632756811205,1.421230868883083,-1.0470130777052626,-0.024168256674596232,-0.4225239399500612,0.5367338235897317,-2.697785625149493,0.5646190782403193,0.8396985653152558,1.0269179877601058,-1.1904460530001015,-0.5520238214330535,-0.3613328744078198,-0.9420845342935269,-3.5123440841561573,0.3288514343112893,0.6911028625181045,1.2124016499614563,-1.7893142082440043,-1.7070237839978677,-0.07440379230601245,1.4903947230591623,1.7375955511110437,-0.8863186512500694,-0.9214158548479046,-1.0165988613810495,0.9262883181428733,-0.4566114239222457,-1.1964660905993534,-1.235509575993795,-2.3147070195456254,-0.9800936968672478,-0.9637580468999716,-0.6508213575128629
<,-0.06208235033852283,-1.293393321583922,1.8651272521575617,0.9359918616022388,-0.8870672642323469,-0.2897631748770408,0.3427651350943119,-1.605472577685215,0.7940842282224277,-1.4799751836303514,2.1626599185647017,0.8396304837645414,-0.10657912736405206,0.21997438470195768,-0.34424474530646776,-1.3214774575179566,0.5747866143283198,-0.22090494463932345,-0.20175782029781658,0.14407503272561442,1.061271127877574,0.591989884907859,1.6854228897738788,-0.5674317856776716,-0.42331422571967736,-0.8814473405269048,0.758889948540345,0.10062798882144135,-0.3017673219261425,0.5802950820228554,1.0291337996048107,0.33985999286054197,-0.010035689346197255,-0.19737819588079766,1.5307222723123162,0.3134828453106596,0.3593248470241469,-0.582049514731989,-1.007026817691223,0.02630896893377108,-0.11438039766782877,0.4603978381331773,-0.05805061208099464,0.2317891019659529,1.648968316251886,1.4947424245169203,1.8221792861516983,1.0795594680656948,0.089035883416521,0.8882592489517946
c,-0.5074630444178548,0.7061711969707836,0.12541616240704898,-0.797957516946789,2.37380123070317,1.7903439726776689,0.038427101510639695,-0.6113022296703166,0.5667778665900024,0.29365652793830643,0.1313305868191088,-0.6151472095155212,-0.17342581180571195,-1.5708547986879984,-0.9482490010889874,0.4112036915989278,-0.17121596392902752,1.313217795838573,-1.478460768118348,0.17439319668778772,1.0054018875060515,1.4428658284492695,-0.7176990961454361,-0.15078528882874204,0.36538274984218705,-0.06312525358608301,-0.295433575820842,-0.48928469267557595,-0.8356848570387918,-0.26221366993813805,-2.567963420613002,0.8519992578759747,0.7751102041673392,1.1077369525403218,0.10280903086401277,-1.5097757774678633,0.41880589215732766,0.885877117007398,0.5723467316385266,-0.9752149463318092,-1.212537549377292,-0.5153969641706047,0.9763555133484302,-0.19644580294827735,0.9455700311930084,0.6847630860239493,-0.08852559367120842,0.39434512621989526,-0.975701788915872,0.5021455049255099
W,0.19006858505489135,1.0409402816417843,-1.7970808736734478,-0.6790434034319227,0.22492629066640768,-0.18919258348334878,-0.3342398623401903,1.6771654049676037,-0.897976554059815,1.324226935806027,-2.080111369745213,-0.6351859150402592,0.14571866786734042,0.19841687035489083,0.5711019443482791,1.1438487635356656,-0.4995029545580678,-0.13085991481514125,0.5735120370652426,-0.1814444309103949,-1.2642818769025461,-0.9335041009378097,-1.4088615468035868,0.5758784761035421,0.3059423698981,0.8502865643639118,-0.6415381507160997,0.03142148099483837,0.5017818196535203,-0.48116435757589515,-0.30908820068418347,-0.5420440036943375,-0.1911038647519712,-0.09994039404319484,-1.4748448851638143,0.09413992992359937,-0.448349392830945,0.321419949161738,0.8046387188774794,0.22749465802930166,0.42202201331854133,-0.3022039700593084,-0.19775862204660882,-0.1684586926182705,-1.8048259502682988,-1.5914137427905872,-1.7010790031891463,-1.1234430452983943,0.1682738368673798,-0.9703499898349564
!,-0.4710120520124232,-0.9614424824417649,2.2840608861200677,0.47058998272066077,0.823477664124528,1.065520977105988,0.43182427297639353,-2.361114397234834,1.3753528906055383,-1.5038319010803551,2.637363652600434,0.5011408487682244,-0.2609999038698666,-0.9750453627924885,-1.1475942404715784,-1.2258456840466587,0.5391869396939981,0.7717591451375615,-1.396736955464585,0.3056983674418575,2.0326894688578934,1.826091799777146,1.4117917373592015,-0.7832776168252379,-0.2093015609912808,-1.082457667594628,0.6574397787927075,-0.26607482429971085,-1.0094761260119554,0.4742262027531043,-0.8093783932469012,1.0669183750584268,0.5965529594017963,0.6380656178936908,1.8744490378900402,-0.817532939756996,0.7497541939598046,0.013174350050348326,-0.7308929764484747,-0.7345271909070663,-1.085645637472289,0.1350252172061092,0.6982261485012624,0.11744768322478538,2.6744207642088442,2.2890089431514404,2.0658293432672514,1.5745578682402257,-0.661403278389424,1.4349870353221963
C,-0.45427841776045863,-1.0454098439418555,2.361276566632696,0.5423597553102256,0.6934174403365668,0.9841082021451355,0.4454247873297574,-2.408274427233547,1.3885367805423687,-1.5801827497064296,2.727437613920186,0.561661002995615,-0.25903531219648523,-0.9051204077112632,-1.1263632546822209,-1.2997345592531193,0.5710324222669998,0.7116750322546466,-1.3489030872649381,0.30534569642263265,2.040800324766643,1.7967851288075,1.5134422474798837,-0.8024491599637665,-0.2419328113978277,-1.1188014739341068,0.7021463204886987,-0.24288262164496244,-0.9906944753192679,0.5098041934349116,-0.6656230870746053,1.0491862493102302,0.5663819494511492,0.5868974806801844,1.9378250925988503,-0.7458383039401648,0.7494934086794546,-0.046401651745361656,-0.797133392332377,-0.6959654066296066,-1.04416860285438,0.17504121387836863,0.6582246578281121,0.13517624565159506,2.7106727136741666,2.3284815738155613,2.149362042580696,1.6069103424209252,-0.6200641663923635,1.4547916293313352
1,0.5748655454430734,-1.722200380928988,1.0943015901723034,1.5948000297532707,-3.4761070486048107,-2.368212672486374,0.18242728598246347,-0.3305976907829292,-0.15764665056493538,-1.3458725460384109,1.2859856264431953,1.3083531175978924,0.1394053133470937,2.0549767234287186,0.9216464640491041,-1.3827062457349228,0.5921388206507344,-1.7426747707979067,1.660874348502549,-0.11551842964713681,-0.5118111594129987,-1.3568140708395364,1.9982304478361703,-0.19612267833320843,-0.7267297866857705,-0.5124785223544688,0.8660652787637945,0.6615401085539506,0.8133183727700849,0.7063457377645084,3.806890708491372,-0.8076729852941967,-0.948150660336325,-1.4773742863380543,0.8982473282438668,2.0432906670042974,-0.26850954335079835,-1.465015224399294,-1.3682539037932049,1.2020732323789085,1.3962881796626285,0.9337221913547011,-1.2246743310007209,0.39352692232031405,-0.046329332582850144,0.16736184807493287,1.3254476463296958,0.2425974301541579,1.2445905461548892,-0.01619910323163727
D,-0.4937864848232803,-1.078179534343924,2.4886784737890872,0.5459685325702105,0.8033455593672533,1.0911369852360728,0.4699158089687485,-2.5532114247811797,1.478753218360868,-1.6537246998968669,2.8741756757979924,0.5719518716821081,-0.27796587732010086,-1.0012069738431026,-1.2147031428580122,-1.3549597953244341,0.5955884343928514,0.7896487891076978,-1.4653354700479622,0.3267286169522945,2.1787447158610256,1.9355401982188627,1.5703354088874584,-0.8491013229007064,-0.24324985266976953,-1.1792808999552495,0.7297060444775906,-0.27076923212579557,-1.0684451861694708,0.5283339544644734,-0.780122130604941,1.130502692393539,0.620058721875388,0.6519685860862492,2.0423762125217633,-0.831698117117803,0.8016921776603562,-0.02134045568387303,-0.8210690937371486,-0.7626293933685439,-1.136409906363131,0.16820452091723373,0.7229499461624219,0.1361512416853102,2.881799288952918,2.4715243321639138,2.2590409232709496,1.703198656485405,-0.6827731250852009,1.5464681232024424
r,0.11786743603151874,-1.4829446630998733,1.7390607402263578,1.1733607492308449,-1.6768951765365885,-0.9021885583210142,0.31422678340076016,-1.3211828526743379,0.5611328315707083,-1.5172420822014765,2.0214040022217294,1.0174105693481295,-0.041315878354259095,0.7588302207882536,0.002078123499582947,-1.4067843060675007,0.6092234390449243,-0.6697502182373714,0.32343547042591636,0.07682003611839866,0.6633621812550631,0.06201376375294721,1.861707653440154,-0.4897468482668596,-0.5322374835604137,-0.820523118954433,0.8285841413306679,0.2670526295027741,0.0033733200766561176,0.6462662744060023,1.880498676152199,0.0273419429224848,-0.28026954952910066,-0.5755051797256704,1.4273008518178083,0.8268846388971411,0.19722383181473357,-0.8657330698855397,-1.1624767585116436,0.3657036756589849,0.3140955674946986,0.6200718762101556,-0.3964435076949824,0.29016590736524495,1.246030228336734,1.1896836608582808,1.7727178709597688,0.894231195783691,0.4258337459236269,0.6737241280610354
s,-0.48613444918144666,0.3101455707791496,0.6112791421808703,-0.48998600644240026,1.9614005943923347,1.5800074004117828,0.12657103654697743,-0.9920202964874374,0.7353826608781019,-0.12117101709400516,0.695750456537837,-0.346382042681499,-0.18880124401296514,-1.3954023208672772,-0.9689932650719103,0.029700053146340773,-0.005847355994345587,1.1567152579755366,-1.4218664145499338,0.19965204556664493,1.212264502886462,1.4925338242208328,-0.21672714725269945,-0.2902082121204054,0.22576368806523445,-0.2924538280757628,-0.07192820049580043,-0.42610954953823166,-0.8535383486985715,-0.08860210634104317,-2.103375462558502,0.8787510781217543,0.7146907368741113,0.972791736502758,0.5015689962447852,-1.3140470782126925,0.4830038481646412,0.6653294132013239,0.2623254837542743,-0.8955646014564757,-1.1525581417031592,-0.3547540336051689,0.8881924924838805,-0.1202661808511481,1.3129296905317378,1.0306076016202876,0.4018755148031747,0.651594434570214,-0.8793606115356066,0.7005704871186785
},-0.4581775776127895,-0.2908631115512083,1.3579451580681001,-0.024946353304993354,1.3509381225717,1.2741004499226443,0.2621764446810497,-1.5819224908762324,0.999408884694221,-0.7549051126051,1.5630063939663579,0.06021900398433582,-0.2140223970472988,-1.140957417292534,-1.009733420713728,-0.5517986277795153,0.24627820431135725,0.9289252251882686,-1.348924087212704,0.2400469824900107,1.5391138056207194,1.5823014150694443,0.5451983648737717,-0.5055497836885017,0.014971789289608036,-0.6449190231092252,0.268232617999044,-0.33377429099340133,-0.8887852202603942,0.17531595494450725,-1.414663602919758,0.9278044779337209,0.6292696763963428,0.7761473604919744,1.1143754142662412,-1.0279172233953517,0.5854421255845779,0.3352553330491298,-0.207979345834597,-0.782516959844954,-1.0719229542406405,-0.11311374549910055,0.7620940822181181,-0.005225490569242358,1.8854765506588964,1.5676916448074139,1.153494153108776,1.050012606788236,-0.7407078434175612,1.0097441615716334
"""",0.19335719744482982,0.9952034402153525,-1.7427125590931944,-0.6430384425100115,0.1744175195996651,-0.2159727050214291,-0.3244040709071815,1.635464894380611,-0.8800296110748271,1.277102924321719,-2.016927244426465,-0.6039073860256913,0.1442960983921132,0.22089169262016384,0.5704385030986879,1.1002621601881464,-0.4806220268716423,-0.15075263591867052,0.5824701770898185,-0.17891311730113285,-1.2428077152376529,-0.930460616587863,-1.3513132584389997,0.5604788210902215,0.28961312071078876,0.8246314875519246,-0.6159068964443641,0.039379773631711315,0.5012452523731304,-0.4611973002583951,-0.2523745685540925,-0.5405363552612112,-0.19925510047769493,-0.11704976728239246,-1.430223225640506,0.11878548151555351,-0.4418728412458885,0.29508284947092167,0.7688001432242934,0.23815840286471393,0.4308929170395529,-0.2832488334931124,-0.20938080863675884,-0.15955417659563056,-1.7652140445377023,-1.5537605912787409,-1.6458246449782248,-1.0952333224009374,0.18081372565848863,-0.9489389780045836
4,0.19596169539864775,0.9503286423053164,-1.6880545792862547,-0.6080418304968139,0.12703212460910276,-0.24037242053490143,-0.3144944366163875,1.592840494746121,-0.861271343443779,1.2302759688665226,-1.953426131071631,-0.5733984980578947,0.14263416744654783,0.24127570354051114,0.5684818416134256,1.0571404742769015,-0.46193307967935604,-0.16889987378612104,0.5894338324129657,-0.1761387013714125,-1.2199169966853591,-0.9254449094855809,-1.294616905360039,0.5448401020479688,0.27374593579366974,0.7988343514257235,-0.5906220885561111,0.046688920600060975,0.4995690847855002,-0.44154381321334846,-0.199035253773042,-0.5378647597481045,-0.2063682409055756,-0.13268749486883247,-1.3853639978954477,0.14142817166740862,-0.43481160967388327,0.2698949966622989,0.7336629374766389,0.2475169466340031,0.43813140441674586,-0.2649543824109227,-0.2196983349473541,-0.1508978130078205,-1.7242274514067724,-1.515092322220191,-1.5905701314683252,-1.0664247467341001,0.19205185023369528,-0.9267971179438054
H,0.16352832984696342,0.3427478357848139,-0.8049895873798982,-0.170085895553855,-0.2782619081083421,-0.366632859373902,-0.15211563203671907,0.8296717197970894,-0.4822026847604475,0.5319401741982928,-0.9295761455367263,-0.17992263072125644,0.09116892560844667,0.33584790170267775,0.3999078983389924,0.4344927669444142,-0.19106160463283642,-0.26546837068716106,0.4850616125168604,-0.1069299967189676,-0.7118050487906411,-0.6366865068932892,-0.5016542366667661,0.2755030201173694,0.075701950307205,0.3814801426744753,-0.2334098957665421,0.0913362651641977,0.35176916500764904,-0.16861614470545655,0.2722913292141908,-0.3719463803942666,-0.20643411105451853,-0.21936762578854313,-0.6606274480786681,0.28060390984283246,-0.26230171629171645,-9.577141032818442e-05,0.2607409131357771,0.2540723649110949,0.3766996386760323,-0.05027387984215344,-0.24126240263598336,-0.04243536004451928,-0.9384638737491889,-0.8038612897340214,-0.729114062672089,-0.5533521114421652,0.22827759925788668,-0.503568879593267
V,-0.5161436685518378,1.6807416319206383,-1.1627840623174095,-1.5326200727637138,3.2357732338229197,2.175884852805528,-0.196737375358678,0.44599516553118856,0.07091572008376236,1.356119909640924,-1.3638122696074546,-1.2638633574211133,-0.11684651995912802,-1.8852278200980845,-0.8052592487416977,1.3751466589310477,-0.5897075471101729,1.6018462799452056,-1.489182613958283,0.09175715717460671,0.36809427417738166,1.177728703165887,-1.9669168269762445,0.22958834961550853,0.6981038614426824,0.5452751620231916,-0.8550747942714698,-0.609604158672614,-0.710794239884255,-0.6938700448815611,-3.54892712006615,0.7022078374517068,0.861517043749454,1.3589034696192384,-0.9544377938761678,-1.8831198288597548,0.21105789673166317,1.3826486250670567,1.3334480922495868,-1.0934732272462246,-1.2569683278768495,-0.8893545560969713,1.116872516354687,-0.37825881522410504,-0.10782437423430327,-0.2877670606649476,-1.3686840945153904,-0.31831961042940404,-1.1377660786271029,-0.06603116360577736
3,0.6799793588121766,-0.43951538108688043,-0.847383546688674,0.6896366729524634,-2.7483684980555085,-2.212133312940963,-0.1756443482916206,1.3812625177302098,-1.0256206832681551,0.16322532360785477,-0.9643114408084474,0.488280514166484,0.2637326324799329,1.9535181815862415,1.3544340629186855,-0.047209850497577095,0.010640006896444123,-1.6195288787715867,1.9887458541185596,-0.2787557539130683,-1.6917758825708666,-2.085961641688628,0.3104719314864822,0.4036601077740968,-0.31771981567679897,0.4054596252093002,0.10389375270990876,0.5966826642565245,1.1930603734214187,0.12646175498178996,2.9476405131301875,-1.2281774969313237,-1.0001050949742019,-1.3620652679020528,-0.6952967861210817,1.8400781609212318,-0.6743276932886857,-0.9334800924840788,-0.3713765100622501,1.2532703239598013,1.6122781423966976,0.49837375483107127,-1.2430903090873366,0.16927884935265594,-1.8301229906387315,-1.4357309792895827,-0.5545500382668952,-0.9071556358942953,1.230864410303194,-0.976505530146046
:,0.29561835474100817,0.37436166187900816,-1.1264424514634948,-0.12376014092349308,-0.7123104434676933,-0.753212343223556,-0.21490010911549273,1.2277774109092667,-0.7428869039758419,0.6921812096694655,-1.298909454332381,-0.1626446892126414,0.149638454290033,0.6803840562142622,0.6823670348640477,0.5416357961253677,-0.23950704439935144,-0.5477187190513412,0.8731581300000748,-0.17148710692668986,-1.1199988021506784,-1.077124858956482,-0.5916953699095585,0.40046493967716507,0.05366605460765338,0.5343263835767207,-0.2806389276661331,0.19363773463869097,0.6004464765909754,-0.19597351712755312,0.7309897158528328,-0.6305060560489864,-0.39181921902380357,-0.4557304559764979,-0.9244167931563075,0.5958086449643623,-0.4194167780478068,-0.12288840382964669,0.2799218645209081,0.485180795028501,0.6870147729537259,0.002154672280300059,-0.46769009249735366,-0.03124314301256255,-1.4239839873905047,-1.2023969508660592,-0.9922599568844949,-0.8170179648725001,0.44970986910595223,-0.7633677484388078
Y,0.7399394971102671,-0.9690295323890494,-0.26417958129739477,1.1180807677374092,-3.4095186438509235,-2.588163232341474,-0.07089094542105523,0.9586312451406379,-0.8582839584320533,-0.3615526550227989,-0.28584991837792223,0.8567409895418985,0.25662694300863254,2.2723706723549544,1.3926884369977917,-0.5392847003783745,0.223466765581525,-1.8980508158793692,2.156683890325864,-0.2596804548502398,-1.5072339159605204,-2.1221266735605635,0.9685446448885588,0.24399326549261782,-0.5121982116762628,0.1304489850101278,0.3958299822922944,0.7063790900061409,1.2272951548852458,0.35542042370201543,3.6853407300132783,-1.2526700845694645,-1.125590588657724,-1.6005752078059707,-0.21663837632816235,2.1795286619210836,-0.6242093972332695,-1.2613626263618511,-0.7872051190096299,1.4155749633195025,1.7665265119381126,0.7284994637891575,-1.4158366845134116,0.27519576626157527,-1.44614652026395,-1.060483379313628,0.04850944942937058,-0.6203326773828451,1.4135250178959125,-0.7685296191861081
N,0.5538352118481171,0.016490272805625986,-1.1922108451384061,0.28118094605112703,-1.9189500678915854,-1.6636718688853382,-0.23481001384813818,1.540446765654861,-1.0320501524454595,0.5443568873488315,-1.3680005130914108,0.14940070427924837,0.2379742959957269,1.4792609568248543,1.1651136871319703,0.33384685834350664,-0.15301431368364704,-1.2155322064737843,1.6254782838866784,-0.2603546303017314,-1.6325762468576632,-1.811749274927472,-0.22837327545984665,0.47776959534307817,-0.13176102055986072,0.5673688649121725,-0.13114975404503912,0.44243540557742583,1.0258858419007124,-0.06319518684882797,2.036251620405854,-1.0642849079228416,-0.7861146758954007,-1.0190386782594032,-0.9783318747728711,1.3635153926124495,-0.6328465197506569,-0.5729285010763696,-0.010173885059086785,0.9812542959424352,1.303965021586271,0.26385629833290825,-0.9643103188131958,0.0684461627542456,-1.9067444950807446,-1.552319716210254,-0.9491487968829672,-1.0187642310892677,0.9459648455186539,-1.019751258739223
a,-0.4870307452085858,-1.0681111224790234,2.4609073976483553,0.5420067289345714,0.7883584853437011,1.0744818638503657,0.4646339740949028,-2.523474491945181,1.460981289988776,-1.636243913963811,2.8421377274403734,0.5672316454548656,-0.274452589438827,-0.9861102084140989,-1.198858771357205,-1.3410774580131153,0.5894616836490013,0.7775502675194111,-1.4453583623177948,0.3226750332253322,2.152120517118396,1.9104691288676958,1.554868818714418,-0.8393474826866706,-0.24151017313758683,-1.1661118063796125,0.7224207457760948,-0.2665200458363682,-1.0545044191125414,0.5231838219326076,-0.7648900294768752,1.1158353904901512,0.6112195103798005,0.6419188949125498,2.0195857067977223,-0.8186284985218116,0.7917694145892897,-0.023391648565176792,-0.8134909078413954,-0.7517012913755003,-1.1207468621410943,0.1676797126899826,0.7124565205035157,0.13515669459774593,2.847575611545472,2.442498706091674,2.2343547036742804,1.6833964134354225,-0.6727244925224279,1.5281161983968594
u,-0.4926760767427441,-1.0753089886760172,2.482484138395519,0.5444066931004761,0.8019196124989707,1.0888477308741582,0.4687498106299214,-2.5469751094329514,1.4751936012919957,-1.6495158948897073,2.8670185138801085,0.570369976776484,-0.27731320731408654,-0.9990887142059629,-1.2118977938000797,-1.3514694231925937,0.5940565440211398,0.7879963865453098,-1.4620335294663105,0.32595420992280866,2.1735419684326986,1.9310533402136518,1.5662309535805339,-0.8470144524736978,-0.24255156912256381,-1.1763465713502903,0.7278081374528909,-0.2702122094152283,-1.0659780149506342,0.5269479246453934,-0.7788020043837339,1.127884301363082,0.6186982512228121,0.6506100638787133,2.037292697603953,-0.8299888512558534,0.7997897820495278,-0.021069305060670514,-0.8188745798580098,-0.7609614877981438,-1.1338653679771915,0.16765707824761178,0.7213815749061832,0.1357623827054339,2.87482321685775,2.465510406859434,2.2533684099054914,1.699035224837388,-0.6813050911915444,1.5427232362926928
F,0.6586837432680844,-1.6173300978915421,0.7766240641431928,1.5606643540916758,-3.679159656013204,-2.5822447905618175,0.12180779497475391,0.01610658713582184,-0.3676118120084544,-1.1510149665578688,0.9196817827495953,1.2630826462516898,0.18175423327594403,2.248270201079352,1.1149107044465723,-1.2304004734053626,0.5247803890217364,-1.8983247083405965,1.9084260896016039,-0.16402768779012317,-0.8285035844335301,-1.6618330991963155,1.8321018097334756,-0.08308384606103231,-0.7119458456000595,-0.36178520339425146,0.787228591387839,0.716591444897628,0.9833817686440723,0.6513459619328742,4.015392702791477,-0.9862259887966106,-1.0593420390553865,-1.6068973684428134,0.6375448678407406,2.212683507353473,-0.3871443871279751,-1.5004961063872002,-1.289881005653481,1.3397735420413748,1.5911123902762485,0.9348165915460883,-1.3574448579147056,0.3849046776079466,-0.4486626706078145,-0.17225675145870148,1.045800081974098,0.011896664045536248,1.372291592589661,-0.23187701816492884
Q,-0.20460144018033838,-1.1563057472713,1.9824474528443672,0.7577625384313722,-0.272653070715976,0.19046690414323836,0.36856127768447783,-1.8450898037250434,0.9854274806069762,-1.4647819084468008,2.2948142135718244,0.707473417393418,-0.1590736910114008,-0.20290211875789052,-0.6206865930222929,-1.26687526161425,0.553141211721981,0.13097275608035897,-0.6179048922552489,0.1985001821731627,1.3852770592781176,1.015652890238669,1.5625594880582363,-0.6341444434103091,-0.3414693881675442,-0.937953682226923,0.7112038728470224,-0.029663033548498,-0.5453218951154346,0.5338318804566363,0.36754934952735346,0.5895984602979193,0.20299710654073402,0.09895084317413091,1.626974454794077,-0.08842136879103195,0.49061857251805224,-0.36389692464086804,-0.8940871354901112,-0.2411137463757598,-0.4534098009372088,0.3388824520812141,0.20827746933226285,0.1879719882590183,1.9825788752116622,1.7496775371103852,1.8786702533052708,1.2360819129494325,-0.17573695595364558,1.0659813748780955
1,0.19657148643789368,0.3692018270314604,-0.9102658670786805,-0.17238992883071594,-0.3710155462256202,-0.45649953827057344,-0.17236546001678626,0.9498342264009526,-0.5571557425163599,0.592400593340053,-1.050819410902009,-0.18789736918648223,0.10694279892121475,0.41649611722831803,0.47363456050392294,0.479733315341273,-0.21118774051601977,-0.33094653368529287,0.5824271276494607,-0.12472910607776211,-0.8265285411453002,-0.7524492740551488,-0.5480123850579847,0.3141419013846736,0.07648008163994689,0.4314592666197683,-0.2559105153209384,0.11477053980990551,0.4166592480225076,-0.1836906374526151,0.3689825084708467,-0.4397937736456973,-0.2513999328941081,-0.27402083804035743,-0.7470212946415704,0.3527582796921513,-0.3057460416104743,-0.021533154672659323,0.2800156575659624,0.3099283963238875,0.4538704840556531,-0.044194208793727284,-0.29551900466988335,-0.04307404076125039,-1.08052862341014,-0.9225222453327425,-0.8195790180634895,-0.6331716342310684,0.2808691695491002,-0.5796725386817554
D,0.18607602314299923,1.0874240387883287,-1.8509632729007248,-0.7159809823634139,0.2785294199527025,-0.16001470831437498,-0.3439653384209974,1.7177597931931863,-0.9150150487356444,1.3715026714200487,-2.1427513227721535,-0.6671634901806162,0.14688626703455218,0.17383247140218488,0.5704114917382933,1.1877744549324143,-0.5185209303524057,-0.1092098511586286,0.56249946369264,-0.1837131290866484,-1.284203125739051,-0.9344759877751012,-1.4671063944727976,0.590976384493295,0.32269955193798666,0.8757067334162485,-0.66744515797712,0.022811519403713655,0.5011254822669475,-0.5013918881822587,-0.3691375684786903,-0.5423300290347977,-0.18189508443042757,-0.0813505133396916,-1.519067915882755,0.06748403880350853,-0.45419302491062585,0.34886950170651543,0.8410896221768408,0.21550265709975575,0.41147481201146374,-0.32178578975540734,-0.1848119734665075,-0.17759257639670736,-1.8428676006939573,-1.6278790560594272,-1.7561470534888062,-1.1509318189014053,0.15441560465192947,-0.9909249963225284
U,-0.40911685790501134,2.1561887509406312,-2.0263021439049647,-1.832058452949079,3.2679579711830122,2.0285303341975434,-0.3578231158826134,1.2675909383887864,-0.37658381657266604,1.9801638292433121,-2.362890249257429,-1.5481313211633148,-0.04164169542417133,-1.74043275828691,-0.5019859373259868,1.9091830998131334,-0.8231791275847882,1.4975463984705757,-1.167916051169343,-0.0005658438359090605,-0.26853875129978355,0.6854103313284067,-2.617972665810574,0.5098173144642529,0.832829300135565,0.9539678715279994,-1.1525357023057294,-0.5790348283755535,-0.44425163860173256,-0.9156801106605357,-3.6151991164805826,0.4158898627337106,0.7454940902645858,1.2759186929444513,-1.6631139984634806,-1.790139880436132,-0.016687392146944473,1.5082450375736476,1.7001238922420896,-0.9536890422015399,-1.0166048902029705,-1.0175272054709752,0.9912746993456978,-0.4525922642849884,-1.0010965056570376,-1.0706815042498765,-2.1794897804807163,-0.8681818356359422,-1.026291447722697,-0.5460937014629558
(,0.5240126653977439,-1.7421032836346735,1.228422384009159,1.582757371694057,-3.315602513677434,-2.2222359317228126,0.208492898208358,-0.49244064099218915,-0.053225428699519406,-1.4160579512555873,1.4402029976284676,1.3068281617412543,0.11641698064935699,1.924644544814394,0.8116245119278835,-1.4316420338388922,0.6141280151917179,-1.6361503779033137,1.5113453834717503,-0.08997700468757598,-0.34940420144014867,-1.1849230298862259,2.042831824865012,-0.24730772134121515,-0.7208689121900855,-0.5762184217309406,0.8887030045793356,0.6230547507053201,0.7164628327485149,0.7203095629159098,3.637825531178366,-0.7068105899885534,-0.8773675122305966,-1.3882432620649814,1.0083100126337292,1.92473281676714,-0.20629590178946197,-1.421610709591887,-1.3816738395519197,1.1139155964768128,1.2770113367723803,0.9164712052610231,-1.1384973719625031,0.39065163836706585,0.14918157288924005,0.3286994624820038,1.4370270411184731,0.34988449248358683,1.160509942819574,0.08845331546540729
g,0.2824416550076771,0.37862521642978164,-1.104319518199704,-0.13393770077556405,-0.6626820755972768,-0.7119138621586666,-0.21045432012199972,1.1962925935372783,-0.7207781906223997,0.6843452041156319,-1.273605719663854,-0.16928634441926696,0.14426467653479425,0.643799130864407,0.65541711420563,0.5383218864848036,-0.2378767835526418,-0.5175115739985612,0.83455565705349,-0.16570698739842554,-1.0843230454801476,-1.0354221521651954,-0.5922454666634367,0.3909504432436146,0.058380125675228926,0.5237759527159004,-0.2802013715373357,0.18256989110812624,0.5767121618493283,-0.19653636167772326,0.6780110047714047,-0.6059799643728048,-0.3727623477303499,-0.4303624455967543,-0.9062633425091426,0.5616871906960161,-0.4053998632070002,-0.1069276968656157,0.28379825850094736,0.4613436960007017,0.6558765922054367,-0.00588923572208614,-0.4441485416173152,-0.033734830383035354,-1.3837930916884855,-1.170225686802751,-0.9758632875555255,-0.7962598243269948,0.42650050337341405,-0.7418961082678133
{,0.48725713640989615,-1.7438149770823306,1.3083715898814543,1.5645591017877067,-3.188777304603073,-2.112053212377123,0.22422742106186563,-0.5953579216553241,0.015591302503762575,-1.4528626530852855,1.531951356672338,1.2973224308225215,0.10058551613974599,1.8266571040068698,0.7341990931434242,-1.4544116633311732,0.6245494084790357,-1.5556517320172387,1.4034604244986932,-0.07264353645380982,-0.24063774877954833,-1.0644995747099792,2.058781254382054,-0.2792607336820648,-0.7123339187182707,-0.6142630177817251,0.8977625120692085,0.5937641219860004,0.6482901771859071,0.7247775135713701,3.5032897375828886,-0.636073413200536,-0.8252435641573673,-1.320763227232376,1.0739166684014856,1.8344653757784606,-0.16415891364990862,-1.383896938960375,-1.3814805102662948,1.04885935067062,1.1904882908257155,0.8991944496727278,-1.074579884480461,0.38622363070200033,0.27640953518020595,0.43235113609212966,1.5008378173009687,0.4179566554339443,1.0978237879953034,0.15649949591079848
r,-0.1855077440628816,-1.173083310887668,1.9646001897581962,0.7804505072367036,-0.3536123736715839,0.1267148249422105,0.3647161026110092,-1.8112254090657787,0.9589583177904071,-1.4650722383017933,2.274637886915262,0.7241256338774626,-0.15194256976012882,-0.14672260830732692,-0.5833881217426103,-1.272611231619491,0.5553552807737216,0.08426994687090926,-0.5621284177618082,0.19106738440350898,1.3407888735409488,0.9584152224864468,1.5769784564025602,-0.624574744615138,-0.35189558394622655,-0.929377501569966,0.7166772454612049,-0.012392324639808903,-0.5124624753450076,0.539351704366306,0.4546372908571961,0.5558690103956336,0.17457720490267,0.059634024563314916,1.612331529827206,-0.03515062458860714,0.472674088689191,-0.39232861741355196,-0.9079780588346973,-0.20545398658322273,-0.40802814349711614,0.35455960637032846,0.1728010635346834,0.19354778300767692,1.9361189255780236,1.7138987833737773,1.8689917707076253,1.2139248603020336,-0.14050448969106055,1.0412195535144482
P,0.14562869446478685,0.3182048912615325,-0.7342694670780393,-0.1611873463883815,-0.23673208032094012,-0.32171754865114505,-0.13864397145413038,0.7532495068835314,-0.4362359429326974,0.4879683070119097,-0.8480097552481258,-0.16883100318034658,0.08199232013436562,0.2952109749056994,0.3582804815161867,0.3998322813898983,-0.17574977282523568,-0.23282272888504882,0.43216366618785107,-0.09637965555135053,-0.6427140261782399,-0.5709020879290622,-0.46341701023365534,0.2505087585894036,0.07181635108108668,0.34793920683177665,-0.21533664591322915,0.07982967161825431,0.3151410405743984,-0.15591764112201764,0.22985585918009685,-0.3334490910350913,-0.18285206045109076,-0.1922257099797411,-0.6025907102077469,0.24520494927313988,-0.23648735287425732,0.006406664136719043,0.24232776525302713,0.22489268153669129,0.33514718281394845,-0.04969286573501674,-0.21318511117450578,-0.040195878039152116,-0.8501578533206479,-0.7291385796514854,-0.6665414672123259,-0.5024800546022744,0.2013310136756103,-0.4562232756521656
2,-0.524885968066641,1.1628133259816813,-0.4499628469564697,-1.149267524216182,2.824298737454336,2.011257514752289,-0.06619600465320839,-0.15260399453841858,0.3591166947812994,0.7787914415685246,-0.536859342468114,-0.9229743424151803,-0.1526292394269151,-1.7539472578578101,-0.9092806571726574,0.8552109871195455,-0.36378506821870765,1.4778789156284422,-1.5226764214095039,0.1419164660562911,0.7458853542153473,1.3622038791592586,-1.2980331326783572,0.016078533305512666,0.5245939248238458,0.2085151222718697,-0.5547240728936613,-0.556376697903737,-0.8018478354324706,-0.46312198861996506,-3.0770918378894088,0.8074103598004467,0.8345838805051241,1.2500925907597669,-0.3694171097325095,-1.7177331751926945,0.33663613761464006,1.132658017067346,0.9295221067921823,-1.0543303221849456,-1.2648103905149195,-0.6971312055147199,1.0655009665912338,-0.2833599092251874,0.49753296965849736,0.26610398232377047,-0.6659931209575992,0.08469076987667908,-1.0745098934073332,0.2602748290914392
i,0.15174666418323352,0.3278118557766394,-0.7600744776035213,-0.16514149414480472,-0.24988696681775602,-0.33662002077897846,-0.14354700292962147,0.7807216878704033,-0.4525870069220544,0.5043361315520618,-0.8777840288509925,-0.17342989386358723,0.08520419499344933,0.3087364598231689,0.37270997514255677,0.4128902847743616,-0.18150928504816394,-0.24364385842792638,0.45026225439242223,-0.10009406822336427,-0.667157351884544,-0.5937536043327691,-0.4780519938332541,0.25953637854108424,0.07355768124451566,0.3601747671382532,-0.22221597443580063,0.08362083408566702,0.327836463173994,-0.16079863020640606,0.2431738677616256,-0.3468152547560121,-0.19081964637775806,-0.2012086760879377,-0.6237677902972338,0.2568641637053051,-0.2455825651534221,0.0047938278956683325,0.24957228855942226,0.2347375131874964,0.34931953381032244,-0.05035366234124095,-0.22262500174515754,-0.041187209573664604,-0.8816941337516064,-0.7559241714791408,-0.6895468988589559,-0.5207784242718009,0.21035714736149677,-0.47313576407301006
6,-0.1293196974873466,2.1233478830480657,-2.5734100833272473,-1.6591638156971398,2.2633707899970825,1.1728625244423956,-0.46636139792561054,2.0001490411923535,-0.8763489803611977,2.209939225903114,-2.9899504484550077,-1.4453546671863833,0.07603560171077699,-0.9808128996927772,0.07981825512598334,2.036909323689966,-0.8827056350325793,0.8720748542093275,-0.34734875237235036,-0.12843435239055562,-1.0653178170718454,-0.21748677540357972,-2.6804349965608307,0.7348048879145106,0.7522985246505759,1.214530946307989,-1.1950692911400114,-0.3507279795133519,0.06807132348120876,-0.9293335033544184,-2.546403328694592,-0.1147551799269353,0.3452205164244733,0.7511676677345602,-2.112066294350439,-1.0864273470666972,-0.3272078783760562,1.1982001599097167,1.6628457936125711,-0.4536150061664313,-0.3568293409909532,-0.8686078159103441,0.4988094386296972,-0.41037977708837997,-1.9186303267511438,-1.8128100848977555,-2.604303485460564,-1.3520871335976854,-0.5421721168099107,-1.0365994220955745
/,-0.45412927852880197,-0.6661639438879462,1.852532397036372,0.2583413796521329,1.016536042212165,1.1235042828430912,0.3524428361117313,-1.987142106819953,1.1890586825700153,-1.1633826589717269,2.137066521560806,0.3102396635985861,-0.23550890020249204,-1.0180039009092896,-1.0633172720543573,-0.9226025363725296,0.40725079974002076,0.8162221547629025,-1.3427250417514143,0.27153983437551493,1.7824716785775283,1.6821026370388954,1.0260002155671346,-0.6514290348070001,-0.11333193457183173,-0.8785007422369294,0.48359191777307564,-0.28687404112481935,-0.9355761147140719,0.3414728875921479,-1.0342866455895496,0.9841361510144897,0.5949920478419224,0.678121677630497,1.5202913574755799,-0.8824004619981305,0.6646431512155294,0.14321153042314608,-0.5011039597500225,-0.7357243662053881,-1.0531515065986525,0.031238982774867453,0.7067508942943642,0.06488061345515865,2.288726618955487,1.9402509906894334,1.645293920084624,1.3231732833267442,-0.6770898304287024,1.2272590383827844
#,0.538875047530607,0.05343860135341501,-1.2101381797361597,0.24557360949466747,-1.8352045823912735,-1.6049440306789835,-0.23762926130864825,1.5403196691216263,-1.0238139036622085,0.5707353961292979,-1.389223293955675,0.12057062237989731,0.23385956823598475,1.4281334917505533,1.1398271946499805,0.3620059115975933,-0.16502614482388425,-1.1723575477966917,1.582136964528779,-0.2566483408395283,-1.6139054274626203,-1.7740701657969828,-0.2702609037800655,0.47974223066252325,-0.11551816645762382,0.5757220694269525,-0.1491534462076474,0.42613500049738995,1.0035821854473979,-0.07808419728033801,1.9448436782954956,-1.0419222824491687,-0.762038321934238,-0.9824905684829583,-0.9930486921744153,1.3131827621973269,-0.6241016629109075,-0.538741240425416,0.019290136682880762,0.9508023666459143,1.2678220446352881,0.2425429111726429,-0.9334520627985757,0.05966422944635384,-1.8967934991824447,-1.54862743354284,-0.9731870979572426,-1.019195270460474,0.9147645674655295,-1.0146137675693383
/,0.5082247903961745,0.12158519270585966,-1.2367419876930235,0.1782795122057509,-1.6700729444674445,-1.4874080181051512,-0.24155477743895173,1.531680424446564,-1.002972351984968,0.6164815467362467,-1.4209540760181398,0.0665118097056641,0.22496208221564046,1.3256400552265184,1.08677109295515,0.41218891179751116,-0.18637488994125753,-1.085990314860913,1.4932253166402474,-0.24838305811380493,-1.5705167918387628,-1.6945992714786966,-0.3463734335537305,0.4807786517546596,-0.08480181839840524,0.5880533480810644,-0.18168731391496473,0.3936173587238959,0.9567944296250241,-0.10523659133845573,1.764920949769393,-0.994816120608277,-0.7132848969519499,-0.9094333643241339,-1.0148901852977863,1.2127887307268692,-0.6044988231114732,-0.47247800911165777,0.07376010868783998,0.889209800284585,1.193958514768345,0.20174155104046118,-0.8712015326157704,0.043072227595598464,-1.8680128908485796,-1.533339188114707,-1.0124028247903794,-1.0144330440745812,0.8519824784389047,-0.9995621354645361
z,-0.08356922935378715,-1.271344054614675,1.8809632483986598,0.9080864071159852,-0.793256416357789,-0.21685198708125114,0.34631586068130443,-1.6400661156912788,0.8222065529645387,-1.476167038954815,2.180435247374679,0.8187899632268629,-0.11440801170087123,0.15580684885521215,-0.38569399524147335,-1.3118721023351094,0.5709268730310478,-0.16747215884482472,-0.26447729245514123,0.15215756390049254,1.109180574688048,0.6554474848898892,1.6651242658314531,-0.5769401385078424,-0.41050637720077465,-0.8890918497760772,0.7509046728891532,0.08082401430584372,-0.33828706194925107,0.5726770283688506,0.9280453333340292,0.37727591157061025,0.022187157301117092,-0.1523689169165353,1.5437139465816345,0.2523910662611537,0.3788109147098954,-0.5484685877825912,-0.988921269860388,-0.014154767177385126,-0.16552813450533377,0.44155356679101593,-0.017719992879002236,0.22492692110102333,1.6977301468063573,1.53176520851306,1.8288611606015561,1.1021251363029936,0.04890880160660828,0.9142257937753262
m,0.008359603811832572,1.8692748583343775,-2.523670720371058,-1.3958644598477135,1.566016151097668,0.6640858659937818,-0.4614780751351167,2.0966850026540045,-0.99730144831385,2.0616212828234715,-2.928374973793346,-1.2370298094975334,0.11922202285943828,-0.535961930677766,0.32675123308235776,1.8632259982730746,-0.8092759386775137,0.49850829800205654,0.05282523454792639,-0.17019062284161776,-1.295603584478568,-0.5901350101573171,-2.4054177578940754,0.7508539808363331,0.6319732419781233,1.1920915162121188,-1.0789131070761768,-0.21071313748755402,0.2857645822503343,-0.830461734746476,-1.788861714790441,-0.335240070342911,0.13017755631609607,0.4355536710113741,-2.071211414871521,-0.6542515940870443,-0.4268821594916783,0.9265883275518262,1.4587898054552195,-0.1824363221146487,-0.02631912482760558,-0.7050719447043398,0.22587759633899554,-0.3454975757529634,-2.1057383347393914,-1.9346979336651626,-2.497279418636987,-1.4123742619216242,-0.26801811576992174,-1.135393847992636
K,0.18510346005019043,0.5139079453770631,-1.0800346509991472,-0.28686901056347525,-0.20750063882718667,-0.3685647718893462,-0.2030417516640349,1.0788476791655772,-0.6119731442299384,0.7404853010896261,-1.2481497433097182,-0.2871668514034489,0.11098874903537555,0.34253906689040853,0.4735021032233384,0.6170268930857412,-0.27064474593032567,-0.26566595450566294,0.550964541373891,-0.13224088798488434,-0.891357687431721,-0.7586099067613429,-0.729690827410941,0.36196003271580757,0.1284076407941564,0.5115598168981702,-0.3367713270402519,0.08873836035013502,0.4163920023396972,-0.24675684592743022,0.185607136531076,-0.44252602827316156,-0.2240987960305774,-0.2179247903318963,-0.8863557688791067,0.2721535212687908,-0.32502925904182234,0.06291013654454868,0.3934490417408522,0.2743024114316143,0.42329987538835817,-0.10468463828075256,-0.25689241703954896,-0.07138417788714216,-1.2022308237510995,-1.0387047783311827,-0.9926173798001859,-0.7204918337601209,0.23937358738974593,-0.6454758098957727
d,0.15894002438068666,0.3374222144719559,-0.7881560466390378,-0.1685282249745737,-0.2667923367025104,-0.3547634260191191,-0.14889895514735904,0.8111532225342586,-0.4709269831284131,0.5217294932500963,-0.910170036859664,-0.1777197104843277,0.08887637731658383,0.32514279938041973,0.3893970531637365,0.4265680645831691,-0.18755354838567723,-0.25683312178609174,0.47151662588123294,-0.10431146916346071,-0.6947512108546361,-0.6201144031560517,-0.4930936257835096,0.2694803018506874,0.0750334594724672,0.37349387000217554,-0.22933346460856313,0.08827440976484886,0.3425197248362555,-0.1657896219674097,0.2604735661162022,-0.36224306873614426,-0.2003158189214919,-0.21217723184782697,-0.6468130169993895,0.27118127272677556,-0.25590019374633016,0.0020542037423198524,0.25677471249210226,0.24649068258789286,0.36602451858634744,-0.050491265461524486,-0.23394099109227776,-0.0420403308020949,-0.9169009599018855,-0.7856946545499359,-0.7143572796499036,-0.5410335485199158,0.22122439929792032,-0.4920111659467858
5,0.08083655274719198,1.6578217212608437,-2.393314059006797,-1.1990495507705834,1.1326046833096237,0.3676031183438573,-0.4398688989688149,2.0613007678637247,-1.0201581245300277,1.8981740809915961,-2.7750723813482296,-1.075840713960888,0.13714886498205492,-0.2785733062114307,0.44388788330355733,1.6945421276339427,-0.7370717216408262,0.2803677412818801,0.26230811579342284,-0.18525964244418006,-1.3639903459341247,-0.7629061717604074,-2.1607821304569463,0.7283857400340011,0.5422749319666796,1.1310740678032871,-0.9729930413014556,-0.1279687197483943,0.38912554126473503,-0.7439271775940899,-1.3144283340167833,-0.43803775977446124,0.01106952014126015,0.25066105242546605,-1.9642083966081152,-0.3986902053267592,-0.46200215198442734,0.7447245525993879,1.2907156659662977,-0.031482291694694686,0.14958010044527895,-0.5895048187542068,0.07220524172656081,-0.2969354346350555,-2.117886385245467,-1.9194014338428522,-2.337711705922654,-1.3860306703468217,-0.11196192307934401,-1.1408372374730793
;,0.7404995872436353,-1.1691339543139545,0.002903433307709357,1.268278116648261,-3.5822376956002997,-2.6636397118556303,-0.02209633040902849,0.7381815886215779,-0.7542121544394572,-0.5808651287860346,0.024103874638193266,0.9895852852252864,0.24448681962987998,2.3336440843423807,1.3607636727373666,-0.7379076185299444,0.3097158472010627,-1.9546210439789307,2.1552986245754746,-0.24214180419560963,-1.37280003654055,-2.0636997767350076,1.2254984634487918,0.1648528407170312,-0.5802112999291414,0.004299614813720875,0.5110072112102108,0.7301031276305691,1.1993931159163524,0.44417391444546045,3.882228595244595,-1.2195714777793891,-1.1415944874236368,-1.6498884563231604,0.0025606893739050438,2.2531635169083857,-0.5801648700709474,-1.3620800039543115,-0.9434279789771934,1.4376870527947458,1.772770663611108,0.8046864791523308,-1.442555616157887,0.3123688603200379,-1.225689929818906,-0.8574092629344375,0.31340531675699584,-0.47178312213199886,1.4447078344116298,-0.6496396155505635
g,0.19735813207054798,0.6690110117677799,-1.3138615352833918,-0.3965634770708041,-0.11791134151583554,-0.34831750572972153,-0.24615009367017524,1.2845942859827635,-0.7160869482705151,0.9225333051455341,-1.5191524340961553,-0.38646248049839493,0.12582749416539124,0.32904928761297386,0.5248785113912413,0.7782547121549236,-0.340839885656574,-0.24977105276687703,0.5892735533373513,-0.1517666057303574,-1.0327055215737395,-0.8452920663933322,-0.9336051440221441,0.4340983781826713,0.17797841045465396,0.622099167955568,-0.42883347589844395,0.0805300958409344,0.46146839325608513,-0.3168307958484584,0.08001721026944288,-0.492500203420707,-0.22973322700151108,-0.2031397029618905,-1.0782579657568387,0.2464539912950748,-0.3735832970505534,0.12766195244457934,0.5140110397570247,0.27968428120772854,0.4483441382495625,-0.1575495190346842,-0.25832400401472205,-0.09855923494933112,-1.416374264120511,-1.2312882181543785,-1.219184831843037,-0.8586924815910446,0.23693332268729245,-0.76076562918066
L,-0.4642532322451258,-0.8937751669099633,2.1790643858294265,0.4234818173211965,0.8576333290618321,1.0700959818883828,0.41242873026173693,-2.267470745574449,1.3273208987913314,-1.4230671720267567,2.5157090769573944,0.45822972264371975,-0.25392185750086466,-0.9771455018131812,-1.1222156802625824,-1.1546967110911392,0.508190607714154,0.7755820889663048,-1.3758789721750289,0.29651958353523755,1.966888265406711,1.7836668908390476,1.3223010110283286,-0.7506038747078797,-0.188025453392831,-1.0328119894514058,0.6169652913823763,-0.26852264502719103,-0.9872002896003546,0.4435123136999813,-0.8502104984526667,1.0424089383693282,0.5920867999748191,0.6419069760613396,1.7882784993166376,-0.825252427327173,0.7269668220079766,0.0399416624964217,-0.6783537781472967,-0.7296723145017086,-1.0713929860705624,0.11265054662102307,0.6951369148862809,0.10577428743094533,2.5761797166747855,2.2010741006239587,1.964619303734888,1.5116979258757417,-0.6600490741161662,1.3821137242511643
\,0.16878831366633537,0.3482427722224143,-0.8234691913768399,-0.171414410874048,-0.2919313144427048,-0.3804648951048735,-0.15565366524588795,0.8502240809447712,-0.49480846231357306,0.5429750845033628,-0.9508736308196436,-0.18204336750828737,0.09375932120420609,0.34830241534190604,0.41185646519072117,0.44297080112335596,-0.19481970142905658,-0.27553649704615235,0.5005802011848894,-0.10987755880653104,-0.7309403737560995,-0.6555008187050577,-0.5106837062578103,0.2821645755931005,0.07626129156783264,0.3902490587823093,-0.23773141827344443,0.09491732849986576,0.362284368064625,-0.17158557830069712,0.28643324327543157,-0.3829659307074518,-0.21349443682365274,-0.22775786082147792,-0.6757926660405703,0.29162627420605114,-0.26950408065755893,-0.0028658649827625706,0.2648113298236577,0.26282833137087064,0.38895250192823944,-0.049793141723432466,-0.24973409897562723,-0.042775063654826605,-0.9625051703405395,-0.8240632326073105,-0.7452203137026763,-0.56701781353655,0.23645549057852908,-0.5164528003559122
l,-0.5107096507300454,0.7725797515957339,0.04324594620677945,-0.8494256301616193,2.4418041223623512,1.8246200789648328,0.023508988712742103,-0.5465537786801649,0.5378952899524204,0.36353142336825583,0.035884751736052614,-0.660120258180766,-0.17070638449505585,-1.5993918237837081,-0.944077985780767,0.47536620402237123,-0.19903312833100387,1.338734479835809,-1.4869827471895913,0.1700033773740773,0.9697477242385484,1.4334607810668385,-0.8018292618362132,-0.12712509457538662,0.3887132985668437,-0.02433793937695182,-0.3329851062990456,-0.4996136636929545,-0.8320813251497745,-0.2913594492382767,-2.6446464148336593,0.8468809690998875,0.784772740797849,1.1297561451106952,0.03536995468010288,-1.5417812116799903,0.407665887871349,0.9225139913710929,0.6243196963893726,-0.9879857216071279,-1.2218183024463038,-0.5421738662777803,0.9905636250872445,-0.20917757836516712,0.8828434246006546,0.6258545689573155,-0.1713121189590232,0.350608068396209,-0.9912919842305157,0.4682705085075669
^,-0.07566976061144967,2.0427965415827622,-2.5787681540016494,-1.5703872932294496,2.007378647651038,0.9814107802100138,-0.46897997742002034,2.058238881504053,-0.9331741163173782,2.172418299886637,-2.9946660139778336,-1.3764123167653544,0.09400588431178952,-0.8129787502558725,0.17909401164724872,1.9875766743254624,-0.8620597537963356,0.7316092230725197,-0.191132337907046,-0.146347254388759,-1.1676030453349882,-0.3682545907406604,-2.5969843667975936,0.7484012573390146,0.7116705049960885,1.217472641759049,-1.1604396040111928,-0.29831439078755567,0.1555692060553091,-0.8989960950769201,-2.2691757153604497,-0.2038236676347161,0.26282651850017646,0.6326337209895421,-2.116450859481571,-0.9246830909847267,-0.37016884752946627,1.1015944986010797,1.5977357390334495,-0.34989148701578965,-0.22849256025055542,-0.8118832247778152,0.3948291594866517,-0.3885184443884868,-2.012048467152839,-1.879177703332992,-2.587114886804494,-1.3893728759475905,-0.43812894188611246,-1.0861554717167876
n,0.7149129295332117,-1.4283289656399818,0.4044461463175508,1.448883059197542,-3.7141245599620847,-2.6820760725015345,0.05207090556607545,0.38031749417308497,-0.5707879398735716,-0.8899414207123492,0.48936011373914307,1.1540409953312054,0.21750428692756368,2.3424992742453856,1.2641878030164142,-1.0102654684752554,0.4283654747371923,-1.9699310554530094,2.076291347053165,-0.20712452188470534,-1.121638724667604,-1.9021810459057702,1.5681733785629237,0.039955714616676,-0.6617830020953698,-0.1855605238512723,0.6659755079479723,0.7397220694309914,1.1146261497546976,0.5617908369341275,4.039754265840354,-1.1262695991456144,-1.1249172774175544,-1.665161348448397,0.3321065155140092,2.2834805705889947,-0.49322309183019064,-1.4649278337350051,-1.1446883638992769,1.4196277520395666,1.718889385182724,0.8905386717426524,-1.4312504413434288,0.35712206183727885,-0.8504159024884753,-0.5214196376355503,0.7005769170119307,-0.23155220090830161,1.4400387508703991,-0.4476636747668067
{,-0.421527888108992,2.1341447897975967,-1.9705281728058466,-1.8221229467013444,3.2924637745615306,2.0578195926320513,-0.34725070493812216,1.2090258185614384,-0.34207165087322194,1.944152599613529,-2.298514523550481,-1.537107734432125,-0.0483154404575132,-1.7671075938136078,-0.5316805338409001,1.880153113055868,-0.8103920915647987,1.5187917707162777,-1.2046698675394627,0.007196574840694642,-0.2172150606312182,0.7325367251021955,-2.585000196335283,0.49048710079947455,0.8284301339647412,0.9275286150085911,-1.137107921482915,-0.586428463854693,-0.470375306802444,-0.904644447607159,-3.639728766462114,0.44344105329261807,0.7614631042308845,1.2935252496948502,-1.6173424657000153,-1.8128694421193212,0.002333848470126136,1.5102383346434667,1.6834330360812986,-0.9733908046710722,-1.0452923052037018,-1.0152173735270005,1.0100959529726883,-0.4501074984445152,-0.9342820579516333,-1.0137309049719125,-2.1294261518305837,-0.8291516206711084,-1.0442161157398242,-0.5102535836694339
>,-0.4720033144336873,-1.0544435943387576,2.4108353940586613,0.5397328025871827,0.7475725519051768,1.034215660762925,0.45502369936666853,-2.4670110212781484,1.4260342847735703,-1.60694941371243,2.7844521459010316,0.5625196202954782,-0.2671776580234556,-0.949921758583741,-1.1650584772360604,-1.3188756349120763,0.5796020094844474,0.7482245989507095,-1.401053510581353,0.3144347229841279,2.0988333472535463,1.857329472069505,1.5316825326738284,-0.8211239998174897,-0.2406011241137635,-1.142345772755059,0.7112447854858877,-0.25605293341948593,-1.024756893811046,0.5156018039063467,-0.7225100727540475,1.0847001151306261,0.5908942559056671,0.6174584909587228,1.9784944902712283,-0.7864049541780934,0.7716462587855598,-0.0323219846149581,-0.8034474862198824,-0.726471709347645,-1.0856912394289955,0.16982370877858116,0.687992148199684,0.13456277262331912,2.7811483099609204,2.3868601248558354,2.1910385212580086,1.6458725674574546,-0.6490540070995218,1.4925248285703152
`,0.05354385449861118,1.7460402551101875,-2.453920560030876,-1.2796002543149068,1.3031465093614354,0.4824179229517792,-0.45011129585681064,2.0841565178828256,-1.0160637202136027,1.9691625299509274,-2.8461677812820234,-1.1422365098909355,0.1309296646637836,-0.378064657453325,0.4011988064946594,1.7666051826579179,-0.7679711501756369,0.36488895468562327,0.1835530357612376,-0.1803493522190833,-1.3440802013259723,-0.7004326127632657,-2.2639460399541824,0.7402649706071056,0.5789668642782325,1.15949184971533,-1.0178298471740765,-0.16012714249859072,0.3514452408905466,-0.7803266109695959,-1.501450319265369,-0.4007943330772104,0.056575060307184295,0.32235904423017653,-2.0139555904163857,-0.4980291917846616,-0.4506953574219089,0.8175081877836567,1.3607138861037285,-0.08923386213277476,0.08313014246681623,-0.6362833728905302,0.1311789671300143,-0.3168154356009086,-2.1228590683892743,-1.9339472906701518,-2.4092137841244132,-1.4023725605006943,-0.17202576926210228,-1.1439357988177417
d,0.6981577999592999,-0.5439352267389075,-0.7458011021795338,0.777493385320191,-2.900925104351681,-2.3054438111749045,-0.15763474522824059,1.3153840887034387,-1.0043636764434185,0.06577717808195553,-0.8459204641630703,0.5627802561165807,0.2650500506464968,2.0334242670826286,1.3753142523827289,-0.140604452358282,0.05093540738592497,-1.6884517608111458,2.04050993035292,-0.2779644248269185,-1.6739867756097908,-2.1138232117447124,0.43786638477231893,0.3775802468318484,-0.3576467429240711,0.35761751667553926,0.16006767724791263,0.6234129469552975,1.2115544294019764,0.1709711650467677,3.1166613219653687,-1.2451860146095959,-1.0338844941109961,-1.420836699632203,-0.6119222253800035,1.9227299695653195,-0.671663017024385,-1.0048063918021675,-0.4536420558266801,1.2965549265193144,1.6576613139890075,0.5468534848019745,-1.2882439827495111,0.19098598136798847,-1.776069565870412,-1.3793492178927402,-0.4462656637904537,-0.8621415502473989,1.2777669179827416,-0.9470793952102984
:,-0.05819641832270736,2.011771613232987,-2.5740915803748607,-1.537885252791926,1.9199164309787813,0.9172902202035148,-0.46865921457648657,2.0718443790964645,-0.9491655910707327,2.154935489301188,-2.988749788391355,-1.3507822687286084,0.09956231562232352,-0.7568857414592178,0.21063496604545717,1.9667471954886697,-0.8532674323119134,0.6845361048990424,-0.14032644255888177,-0.15175523853688594,-1.1976592264474957,-0.41591608723636314,-2.563649310408509,0.750923643713421,0.6968135485631545,1.2153975320760058,-1.1464009886337563,-0.2806865771841248,0.18337386049352272,-0.8869895527062631,-2.1742216249306856,-0.23201454272209646,0.23562743800183295,0.592872515588134,-2.1126085317234278,-0.8702748298731545,-0.38309132991785655,1.0677339674169912,1.5727908878885493,-0.3156040775139422,-0.18657643456060932,-0.7915912972422676,0.3603474476553514,-0.38051028466864967,-2.037151068382985,-1.895894811772368,-2.575153283038382,-1.397936250786735,-0.4035194555467909,-1.0994250800372969
!,0.14487770418123766,0.31636682115061876,-0.7302186533943786,-0.16020845381003684,-0.23567950156593337,-0.3201311775694586,-0.13788070272703037,0.749146403491514,-0.4338827833152045,0.4852353404027332,-0.8433299921667816,-0.16782965507896988,0.08155729986084163,0.29374748846610044,0.356400263298044,0.3975744114816155,-0.1747583416582082,-0.23167660134981635,0.42993206455205146,-0.0958651014764799,-0.639265577403056,-0.5678986553273982,-0.46077388889367255,0.2491384827090212,0.07137913911200194,0.3460200991644238,-0.2141125966494196,0.07944092731412296,0.3134873886279153,-0.15502610452384497,0.22886243034928888,-0.3316958695927718,-0.18192409474853158,-0.19128198398809257,-0.5992663285677102,0.24401162974422277,-0.2352237996334375,0.006274987242940517,0.24092423570111007,0.22375373956384495,0.33342371937523685,-0.04936182207288901,-0.21211109851998,-0.039952044293326806,-0.8455546331103223,-0.7251769170383913,-0.6628423154894545,-0.4997414832978162,0.20032254654235698,-0.45375245962438954
"""",-0.48491229027760446,-1.0469846838043622,2.4281089038673165,0.5273034595090574,0.7989933352008606,1.0758852609293184,0.458575033647702,-2.4942152114016447,1.4459699011162475,-1.6110204581767118,2.8041358340805784,0.5538367436228558,-0.2722392068032205,-0.9867437013680954,-1.1909179407456005,-1.3188592630364242,0.579782125405877,0.7787255868896803,-1.4388219821265504,0.3198054505511936,2.1315524546371134,1.8971966158052491,1.5269257866729928,-0.8291393553296377,-0.23486960516826144,-1.1506035826326784,0.7097823715157423,-0.2672776367075312,-1.0475343677646187,0.5135937912962616,-0.7776075497441871,1.108167418227941,0.6098133559266675,0.6431029101910858,1.992668012538336,-0.8210181257606884,0.7846455528418943,-0.015043305702596604,-0.7970879690758176,-0.7501708503422573,-1.1162775327826013,0.1606981470044224,0.7114775791437936,0.13151320835088992,2.8168754996720513,2.415021576125173,2.2027420136473395,1.6637558378460373,-0.6722875141298422,1.5115935015134683
Z,-0.4757985451028844,-0.9970181180262323,2.3418672718236153,0.4947032433383614,0.8098243404878389,1.0668333279466415,0.44253514729955806,-2.4137359216531107,1.4028839151929733,-1.5474650629310918,2.7043113992109022,0.5233441061988588,-0.26524870670729084,-0.9772457035491933,-1.1635248474914903,-1.263958570615516,0.5558078801004399,0.7724657387763922,-1.4113213980566344,0.3111004531178432,2.070893899337708,1.8524191326902417,1.4593021631096632,-0.8015047412175635,-0.22018151790982973,-1.1097985207885794,0.6789898119593478,-0.2657772318910345,-1.02346627622443,0.4904982296584749,-0.7924805550219641,1.0821673588636769,0.6006540517691246,0.6383237514146531,1.921890433711635,-0.8165235329149295,0.7631353075997803,0.0003955868135583008,-0.7584637952989143,-0.7392682025873251,-1.0960429958963098,0.14618715693944662,0.7020020087005504,0.12342569298885293,2.7302748146840767,2.338658719758535,2.121104302397091,1.6098468499355616,-0.66422693558695,1.4650332516722462
<,-0.30805639961805203,-1.0793562158647791,2.097858717253151,0.6452873908767034,0.15409727567758802,0.5307471894604375,0.39281488877917925,-2.0440588027075735,1.1361752811683015,-1.4785415506045145,2.425847098068942,0.6265007881700612,-0.1985754976016796,-0.5031296021959888,-0.8250886191492465,-1.2496712223733182,0.5471703701017273,0.38016222428790797,-0.9203285964246837,0.2400146151484074,1.6358166732308685,1.3299848329487538,1.5023689693653488,-0.69154849781142,-0.2897111390630997,-0.9932591918195324,0.689589056803158,-0.12161728489746125,-0.7253815502162166,0.5101178561270101,-0.09073046138380675,0.7747372853823271,0.3559234094826717,0.30861318579089253,1.7216693249669148,-0.37201812604987755,0.5909629739687389,-0.2168294890267039,-0.8297161464042703,-0.4328554070221721,-0.6989567608374306,0.2592337629109528,0.3987032016244139,0.1603483180285874,2.249820413253904,1.9578081741452185,1.9496511230599558,1.366566337928471,-0.36452836124120486,1.2085108435030039
G,-0.14594558763734208,-1.2096953443930705,1.9300993455132753,0.8288450364602813,-0.5229379368179796,-0.0060613216340762235,0.3572019003898175,-1.7431094641451996,0.9050853427446778,-1.4677051017964833,2.235708943533753,0.7598549861082996,-0.13728126504902474,-0.02976632956345233,-0.5064114907539101,-1.2863343503467053,0.5607411132556704,-0.013009609613614269,-0.44658749550042537,0.17583109140891934,1.2498665900731984,0.8403754507115941,1.609230685832372,-0.605481956826764,-0.37412580888642755,-0.9127784340447489,0.7290834189940857,0.023607651607714303,-0.4446450967427627,0.5516093629103938,0.6368835966301114,0.48629729806208705,0.11555062772014726,-0.022276541542003907,1.5840256821774705,0.07589397574724172,0.4359059385962891,-0.4521642800176081,-0.9382033029372293,-0.1313718065198443,-0.31395180032868125,0.38774410649172975,0.09905607249488699,0.20544363529082688,1.8419084653137643,1.6416558640801024,1.8513941694580838,1.169397384525106,-0.06722352864975145,0.9910209810458469
',-0.4816442993654213,1.9486271409521445,-1.5948076720813886,-1.7150114074851806,3.343968778480108,2.1706549562955257,-0.2767475985135471,0.8379957735550543,-0.13354235880497559,1.6832126412869295,-1.8641906879920926,-1.4315012062038501,-0.0855131023701058,-1.8727943252494832,-0.6885398959026898,1.6612532753841867,-0.7144572024959598,1.5999249416820727,-1.3838894542745326,0.05180059810358257,0.08493118838773434,0.9845170937117916,-2.324094400380007,0.36552624858828686,0.7804129213569297,0.7496008664543994,-1.0170082066565156,-0.6130830623190924,-0.608299629421903,-0.8162431735798584,-3.6818862866917366,0.5903399582935541,0.8328294122935832,1.3598099721308328,-1.3089975971942096,-1.8945362043176472,0.11205067647437647,1.48049230255338,1.541121321468754,-1.0605120264555081,-1.1823100762475214,-0.9741568343213501,1.0911327861358244,-0.4234726102376177,-0.5231455268778464,-0.6573532605140536,-1.7823226358814348,-0.5812425429479615,-1.1191463793376424,-0.28946637065157155
W,-0.23756661269737087,2.2214228028965124,-2.476196082758234,-1.790003980263588,2.724874139900504,1.5353799522190374,-0.4452870694416416,1.8114456806497417,-0.7278428132041224,2.2148357926657627,-2.8801688680596307,-1.5417220598526955,0.03579054714424347,-1.30019231936225,-0.1311466417446643,2.072369542784189,-0.8965352006355695,1.1376629039357737,-0.6635146831262801,-0.08655916894899049,-0.8151151984625667,0.10611689345975112,-2.7659821237560154,0.6817290970027262,0.8124108083543347,1.1677840111638178,-1.227804027700085,-0.44898406484694753,-0.11778904221704481,-0.961939900023831,-3.043007030298741,0.07596019913791309,0.5065648713303581,0.9747783440147008,-2.032307334991147,-1.3895007381384652,-0.2261367821724582,1.3608670150179782,1.743906455674057,-0.6560913090351884,-0.6141820729128564,-0.9586079644832921,0.700314626323505,-0.44253891592326133,-1.6585252096474414,-1.6129970311802218,-2.5533643639042793,-1.2286847850133844,-0.7423606221939942,-0.8979914977244827
I,-0.5040664402037516,0.639684455486048,0.20737429354132844,-0.7463513338159485,2.305208086361481,1.7555868079619674,0.05330187054262804,-0.6757251663331634,0.5954243423068396,0.2238382566569507,0.2265345065549643,-0.5700788936504543,-0.17608590082185824,-1.5418924491281774,-0.952118135001375,0.34704942288333795,-0.14340455507357253,1.287349046656933,-1.4694998038697085,0.1787198553516387,1.0406700972483927,1.4518050788165764,-0.6335245607571821,-0.17434897213490594,0.3419884802483602,-0.10181124305917316,-0.25786994057912505,-0.47882628112569264,-0.8390224956927302,-0.23304832318790894,-2.4906484712697625,0.8568434159085231,0.765228478745311,1.0854218272593843,0.1700740817520246,-1.4773712129244152,0.42979295489625724,0.8490437151327764,0.5203064933207097,-0.9621696903781641,-1.2029016027890187,-0.4885172444030265,0.9618756001798319,-0.18368016546780935,1.007872073109511,0.7433357017555753,-0.005886328611360227,0.43786804583994976,-0.9598429094521762,0.5357938463929706
:,0.1999172714536691,0.8219614107711066,-1.524318456827176,-0.5097840116043859,0.0036807395951615218,-0.29963305807933843,-0.284691112996952,1.4613057297012313,-0.8011544319466319,1.093003838230718,-1.7633067918648662,-0.4871376005424541,0.13638490290777844,0.2902201009466932,0.5555499115526437,0.9317849757400698,-0.4075515407474323,-0.21311230099889336,0.5990984543513624,-0.16656869892250925,-1.144205666435424,-0.8996961668327239,-1.1311260260827167,0.49713117133732065,0.22922355827794877,0.7215257278584453,-0.5175256655981338,0.06479328754020917,0.4883159025922238,-0.38497116917642854,-0.059404990145169353,-0.5235245124236048,-0.22174746201302803,-0.17096487166858346,-1.250982420828104,0.19755754362802835,-0.41064241256448475,0.20151083717950402,0.6332961343750739,0.26808486326400266,0.4506068466559012,-0.21432637010944716,-0.24311399645790005,-0.12658692584153614,-1.595066556634194,-1.3947903739816123,-1.4266600676033003,-0.9776652411229404,0.21821437312463618,-0.8570865294534445
X,0.07198800930240268,-1.4348960162960547,1.7715759753579465,1.113050754342696,-1.4757610459795922,-0.7461493177711559,0.3215711310608193,-1.393973708183735,0.6206718031102518,-1.5080468936979505,2.057851844910207,0.9722691598309519,-0.05797243532379134,0.6215285140521457,-0.08626536800729784,-1.3853118878997852,0.600563893074382,-0.5553911391352839,0.18952963550783367,0.09399195423183668,0.7650013457984652,0.19721873342250962,1.8171208990225234,-0.5096640664781722,-0.5045613095839377,-0.8362326863213847,0.8109757537700812,0.22465395454606882,-0.07446468186393122,0.6295701881124933,1.6637087774910315,0.10706815812612948,-0.21139276721832323,-0.47916637953070873,1.4539755642437349,0.6960899962216501,0.23861483650227588,-0.7935454993536,-1.1230613335551454,0.2792020969048177,0.20485955555013002,0.5794676442105298,-0.3102037885693437,0.2753340266844226,1.3490718197593057,1.2677455377631197,1.7856987245955787,0.9416902638931447,0.3400069352643893,0.7285883682783035
K,0.35239111126087524,0.34081806351963373,-1.2014182632946075,-0.06854255185936721,-0.9390867488671413,-0.9367450914897636,-0.23033735445442113,1.346598747607328,-0.8301737165386308,0.7092725472848539,-1.3843259099560643,-0.12396745358109833,0.17185301404592784,0.842545333710897,0.7959727331261724,0.5408282433701712,-0.2399797493625554,-0.6820644857450173,1.0392499798940256,-0.1950413711249981,-1.2633920052345167,-1.2522349422913357,-0.5698247362694121,0.43542153671344846,0.02820829294019958,0.5701751521696372,-0.2737810384871508,0.24308923322192055,0.7005131966669037,-0.18681406571683914,0.9740247710384801,-0.7335872404768109,-0.47508030051025674,-0.568691285156884,-0.9859369055112865,0.7483020365805941,-0.4764215504623935,-0.19924901002093628,0.2513756483543511,0.5894860085360617,0.8215493223479675,0.04256891748671933,-0.5710725191104162,-0.01769420472208948,-1.5802874742375823,-1.3254924463156799,-1.0427482232943024,-0.8951143229966366,0.5520009237064478,-0.8467870692612
d,0.38266944047349477,0.31310447506688943,-1.228234438352037,-0.03173439989302417,-1.068415734528957,-1.0382502408555523,-0.2361634371723827,1.399070781014689,-0.8715658311528409,0.7075947056586704,-1.4145970866270434,-0.09682600491648265,0.1830928206251266,0.9319644699137706,0.8549364609726313,0.5306305778377677,-0.2359902889237163,-0.7564311284718322,1.1276822136641176,-0.20672955065548604,-1.3331867716338386,-1.342667402865209,-0.5455353744246423,0.45015603915296665,0.011298809779786437,0.5830733536180484,-0.26446299108317517,0.2706056018159325,0.7524606368181002,-0.1775690531923168,1.1132055783645094,-0.7868853638274043,-0.5202321206493945,-0.6313063160291449,-1.0079380620264742,0.8331776174016934,-0.5046300553379681,-0.24488980453793638,0.22848275931814457,0.6461513535881536,0.8935417491033762,0.0678497674082066,-0.6274727100281018,-0.00864678737344297,-1.6527311495767065,-1.3810963716100004,-1.0566240124809803,-0.9294221843764625,0.6080391016343613,-0.8853897387161771
%,-0.27243837158787054,2.2337765040729503,-2.4190832857709244,-1.817740394665062,2.8571275856604235,1.6450698802246428,-0.43378365880847936,1.729309395261298,-0.6698949347155657,2.195273941472944,-2.8148684116768723,-1.5600087056097605,0.02163521533568808,-1.3973329908835583,-0.20229178778770837,2.0646634946056825,-0.8926828834406013,1.2179012343389473,-0.76565882263168,-0.0713574597518756,-0.7214281643518877,0.21615962465528285,-2.768813463980753,0.6569751125296964,0.825249510546734,1.1405403627436745,-1.2272627702234944,-0.47839928853011604,-0.18044644735775744,-0.9639044822699744,-3.1842556933433572,0.14068501831197577,0.5570796792233595,1.042172292565455,-1.9854424012474248,-1.480188643800162,-0.18928040835883977,1.4036421465370097,1.755000707471729,-0.7192884664026543,-0.6966147207635147,-0.9803019877528294,0.7627543548159134,-0.44933154132556147,-1.553350555333468,-1.5289512172839654,-2.5113929482124644,-1.1745489714005533,-0.8039452060284068,-0.8418088022023615
:,-0.4911934343096844,-1.0737265495941295,2.477230249392099,0.5440070740378313,0.7980952367597732,1.0849612454355875,0.46774431287734175,-2.541144731731507,1.4716227519054257,-1.646368580328837,2.8609631215533384,0.5697499412213326,-0.27658097033005746,-0.9955881624828555,-1.2085242737478628,-1.3490463269118491,0.5929827474283177,0.785167746488346,-1.4576587649049282,0.3251203882937071,2.1681254270412142,1.9257400031424237,1.5636426560234966,-0.8451233894007837,-0.24238251969271313,-1.173853601317891,0.7265706779462656,-0.26920671236658883,-1.0630092185189925,0.5260960252930427,-0.7748484763117404,1.1247724653032622,0.6167106939854899,0.648253190477255,2.03298111015125,-0.8268940756406274,0.7977521410515835,-0.021833318995611216,-0.8177010386835337,-0.758496968377235,-1.130412454508408,0.1677798493694372,0.718997958954014,0.13566040562157056,2.868009342460114,2.4597817149877512,2.2487839108981635,1.6951581535102225,-0.6790050425864662,1.5390715024602437
8,0.3376637934003163,0.35183944179625315,-1.1850790476140516,-0.08460430571774785,-0.878279377800189,-0.8882797403232013,-0.2269012086215816,1.3183491313319324,-0.8087493492146718,0.7073876654002892,-1.3657773440836638,-0.13553888480971446,0.1662338990260743,0.7997864034982954,0.7668862302279262,0.5433441696240379,-0.2408587580081194,-0.6465725564128469,0.9961995088953894,-0.18913757034552384,-1.2277721919407145,-1.2075085037977116,-0.5784795598128953,0.42727654188777225,0.03559913852603283,0.5623447200870149,-0.27689675510412026,0.22999127668071262,0.6748905500885858,-0.1902197138470235,0.9087209465205035,-0.7072433082947979,-0.4533053857727541,-0.5388286063221023,-0.9725306086787566,0.7079063787565371,-0.46215204894348605,-0.17827959887285416,0.26059165728000505,0.562183552443641,0.7865928605942065,0.03120503036147975,-0.5439558382562864,-0.021639035133393086,-1.5423190559603928,-1.2959327923419788,-1.0327330734770885,-0.8765894852405152,0.5251153912458537,-0.826537596042861
f,0.5059021845346404,-1.7440813890073659,1.2693368247179306,1.5746405944353397,-3.2540805033672666,-2.168364232277318,0.21652375590129297,-0.5444096780515176,-0.018721478446671214,-1.4354393052893588,1.487175301765288,1.3028968045991305,0.10854617344596705,1.8767023260988156,0.7732871373391649,-1.4439893948943738,0.619752846224395,-1.5968002241063408,1.4581702605453402,-0.0813353795848389,-0.2950403026350714,-1.1252453382615801,2.052148818990672,-0.2635033408950044,-0.7170483665749817,-0.5956825946065741,0.8938206962672469,0.6087544163466401,0.6827081619172037,0.7230146508570562,3.5726406663227106,-0.6717626223361427,-0.8517708158569117,-1.3552677223123342,1.041884743282003,1.880665212940056,-0.18528045939317142,-1.4035958681865526,-1.3824643211578336,1.0819803090742228,1.2344069311587509,0.9083889375736157,-1.1071494011505034,0.38868021725143187,0.2131313049056769,0.3809319026504707,1.4699758294253273,0.38427369002191025,1.1297941000255836,0.1226615438306134
=,-0.49162672776458566,-1.0722477407698965,2.476163142843205,0.5426696349423535,0.8008695176704693,1.0868128838730675,0.46756252979511687,-2.5406950495360294,1.4716466423666603,-1.645155591707199,2.859712658707381,0.5686439574177075,-0.27667486289787446,-0.9971910468287802,-1.20918905019645,-1.3478244531648529,0.5924584010367028,0.7865312327599154,-1.4589078802033528,0.32519138060722547,2.168388292687755,1.9267082531501913,1.5619042593414971,-0.8449036556949355,-0.24177345753562973,-1.1733528838563012,0.7258137591471291,-0.26972635675721207,-1.0635961050150595,0.5254834179492477,-0.777893799169619,1.1253503684740163,0.617439079220759,0.6494103372877034,2.032105216183078,-0.8284994215096384,0.7979141690141917,-0.02063865572680413,-0.8165286649041054,-0.7594220809340947,-1.1314693272244698,0.16700750936917208,0.7199442826736224,0.1353302830637963,2.867843420689594,2.4594707500175548,2.2475447798779995,1.6948402110834073,-0.6799704259629406,1.538975408179866
G,-0.4733974333709423,-0.9801576028207121,2.3141906332183546,0.4833454345184742,0.8158322136027614,1.0658114999695185,0.4374036331963049,-2.388432260642198,1.3895909439416032,-1.5266597893891047,2.6722611084785495,0.5128596159281149,-0.2631783091642345,-0.9758474645935707,-1.1556964263566383,-1.245819543970499,0.5478957080305251,0.7718386811995798,-1.4040201323523447,0.30847822273944775,2.05239923618067,1.8395090305972857,1.436735726934967,-0.7927534396505688,-0.21505802536699378,-1.0967073830673097,0.6687473799488379,-0.2658118607180269,-1.0165907632806082,0.4827729765156961,-0.7999975499245229,1.0746861492464415,0.5985218503105564,0.6379564285648764,1.8991763886750386,-0.8166739751986624,0.7566428708081747,0.006312704834980031,-0.7454025564827594,-0.7367858741810572,-1.0908029697669523,0.14096181490606072,0.6999810650923031,0.12060963204581933,2.703351437793336,2.3147602861933967,2.0946855524330386,1.5928811754608623,-0.6626615784606376,1.4505514820919967
A,-0.4791698217681156,0.18179856036663142,0.7686308468582336,-0.3901485309503281,1.827564128900224,1.511682258521536,0.15511560703672886,-1.1152625938583876,0.7899287619618296,-0.2555618092401872,0.878545215059553,-0.2592634352827969,-0.19376185825021583,-1.3384002040065792,-0.9756064717066176,-0.09391058658079603,0.04773279040052526,1.1058795183106565,-1.4033714293892352,0.20781368200331657,1.2791530299598555,1.5084600105304158,-0.054387892926762355,-0.33534896655400304,0.18050190683566655,-0.36672379924847914,0.0004956429761812362,-0.4055933105008594,-0.8592278053057236,-0.03234202036825509,-1.9526144683697095,0.8873207881159648,0.6950351907614368,0.9289610662925266,0.6307115108797744,-1.2504845202592774,0.50375020625208,0.5937977532221848,0.16184925328762692,-0.8696580944765122,-1.132996397860058,-0.30266614132246816,0.8595286963162632,-0.09557055554590152,1.431808110122096,1.1425465559484538,0.5607209019792254,0.7348707273904334,-0.8480480732379263,0.764782218973458
Q,0.3092386219115918,0.3685341096630627,-1.1474057774528363,-0.1121758808102816,-0.7648216490634353,-0.7964248507733951,-0.21914752365499077,1.2587462773705091,-0.7649937460247671,0.6987203959813489,-1.322855095445377,-0.15483759019213464,0.1551052499241658,0.7186248449307987,0.7099892034279712,0.5436490261469991,-0.24057888434943345,-0.5793355417370226,0.9130385777847688,-0.17733544324714412,-1.1559095722419015,-1.1198036812162475,-0.5893012397323032,0.40973454892716393,0.04831147784631965,0.5443324839800143,-0.28027273579620293,0.20524337412381477,0.6247743452446031,-0.194761293412942,0.7871347572243705,-0.6556151939961006,-0.411625555934695,-0.48229514405487917,-0.9416184306718738,0.6315916079726055,-0.4335883706417551,-0.1400971826888123,0.2748061716678258,0.509970232157689,0.7192361199983887,0.011008249222188354,-0.4922068537531722,-0.028404212032222032,-1.4639493264364096,-1.2341986194571128,-1.0073215249126508,-0.8374131589386659,0.4739150795161594,-0.7847109791673359
h,0.049189416222986684,-1.410746627738901,1.7873677777559935,1.0828768632587402,-1.3755797980191862,-0.6685090423469755,0.3251538610233404,-1.4298425398974366,0.6501148321546409,-1.5031778078198041,2.0755391596859702,0.9496563830022294,-0.06623259924948384,0.5532184819353327,-0.13012024371538167,-1.374370450364937,0.5961429475149538,-0.4984879007010949,0.12299272836430487,0.10250082198076103,0.815322749972661,0.2643231809390991,1.794614004030196,-0.5194528484910398,-0.49071579993653475,-0.8438663666955881,0.8020685007968403,0.20355329413440407,-0.11310480338191034,0.6211524011220436,1.5557150094298697,0.1466394400550164,-0.17714549701015483,-0.43122747575628756,1.4669306530286133,0.6309964671228313,0.2591220987790672,-0.7575372210141837,-1.1032618686970097,0.23618858127072234,0.1505708323643446,0.5591869081897537,-0.2673140926741708,0.26791311788287187,1.3999724568234682,1.3062573416044463,1.7917867391896696,0.9650698722802433,0.29731631190128754,0.7556882235328942
U,0.2098200278049719,-1.5745398578557837,1.6675852970190495,1.2907108472943207,-2.075997651930227,-1.2131910046274452,0.29835429363717514,-1.1700741994972508,0.43933212448034326,-1.5305021446734528,1.941034633585091,1.104764293273888,-0.007641346029549941,1.0326080153287998,0.17991643809703972,-1.4451421039300882,0.6245476794856706,-0.8976501809426942,0.5918838104062719,0.04198514970294021,0.456455195214696,-0.21038385208645458,1.9450228348549925,-0.4479562955996121,-0.586110795673343,-0.7860582899811525,0.8611642512546744,0.35148176884254173,0.16005840565230875,0.6776407869880514,2.31041336052052,-0.1332506308697967,-0.41795639223727166,-0.7674544342588888,1.368661990050504,1.08732744866944,0.1132164710640008,-1.0080587234681169,-1.2378013758984192,0.5385755682779734,0.5329130687929212,0.6996668621687424,-0.5686818621004736,0.3190199604052528,1.034283489183084,1.028418936274411,1.7404508805501735,0.7955959167812692,0.59713915430627,0.5609445293572829
-,-0.5266842874100444,1.2869700585805486,-0.6126119388730918,-1.2432278591813903,2.9365276243242096,2.062461651108963,-0.09586658191763435,-0.01981123852838347,0.2972251630700883,0.9134874783223124,-0.7256568255893583,-1.0058188833439459,-0.14571749802404985,-1.7958528615070557,-0.892517569734673,0.9776169203692388,-0.4169169690214803,1.51617457154644,-1.5260743080030874,0.13171261245500898,0.6667218085823778,1.3306853266754175,-1.4569199024585038,0.06394761858278393,0.5671531146700604,0.28532682024950223,-0.6258682388420513,-0.5722605191358852,-0.7872168696545349,-0.5180435821990962,-3.2046289700106665,0.7896545916968053,0.8465762144666616,1.2833693325389053,-0.5029060269832323,-1.7670080470533254,0.3109564184726063,1.196671529872821,1.0265124684837725,-1.0706249987442458,-1.2721015162063285,-0.7451097552427894,1.0846106154344177,-0.30661162466192515,0.3656953697830517,0.1441268989530344,-0.8279213671689404,-0.004841815886941836,-1.0963421134309406,0.18915378782187062
$,0.4452924766593451,0.23375794461549187,-1.2541654399435946,0.06089534919295533,-1.354698066255327,-1.2563106281138872,-0.242816082686566,1.4831587392436762,-0.9456044892377491,0.6799234511107883,-1.4429353812608543,-0.02608481740886799,0.20497671159129618,1.123485155712943,0.973244197174873,0.4876390336981449,-0.2182283404270662,-0.9163312153468136,1.3102484123745963,-0.22894406168431977,-1.4625601980812164,-1.5230710616462275,-0.4669897949367243,0.4718661771576059,-0.03114592730607959,0.595801161023507,-0.23249842781342497,0.3300783587900485,0.8567152567920633,-0.14867165914517028,1.4225111876090633,-0.8933572507255388,-0.6152912923241709,-0.76612425014388,-1.0292049775533996,1.016674662953471,-0.5580536083582323,-0.35030872718621925,0.1639397824137918,0.7656739552531854,1.0429819667852769,0.12849357865759106,-0.7469558846067889,0.0141496478253104,-1.7780838400210026,-1.4735731160976524,-1.0560589150764612,-0.9839145250902843,0.7272669413913836,-0.9520294172231372
E,-0.5121428037273345,1.730455082934026,-1.2378842324071397,-1.567740516691714,3.2642334596455327,2.182154359745761,-0.21058483232333047,0.5121414889188881,0.037410374116452226,1.4145390941277647,-1.4508506917836126,-1.2956683379000968,-0.11205918539316319,-1.8893558884292678,-0.7886389064156104,1.4268650580117828,-0.6122256433154655,1.6067800507252141,-1.4766896016054785,0.08546466820023797,0.3225758903173645,1.1497072525108154,-2.03230251463065,0.2527721658328883,0.7139741184059455,0.5807785232353898,-0.8845984819262572,-0.6121764829510259,-0.6962114807434296,-0.7163374304362927,-3.5825001234437623,0.6860502410524226,0.8596073042181953,1.3635075043493015,-1.0160726397792232,-1.8911764751510118,0.19541247151908792,1.4033261836289577,1.3720874428162708,-1.091618648943132,-1.2487692157387658,-0.9062631362347359,1.1162862615007503,-0.3869595060184815,-0.17671032554294974,-0.34969609519407097,-1.4414254636441681,-0.36274819667770103,-1.1384231948678492,-0.10311685054103716
_,-0.018246834344656754,-1.3392163042427763,1.8339464496593996,0.9935513085340798,-1.079168311510028,-0.43881954147877394,0.335727120965027,-1.5358301024491836,0.7371529871397459,-1.4886672179299005,2.1277033952488136,0.8827044238610778,-0.0906593477773852,0.3511339289104564,-0.25982284283318224,-1.341908665869303,0.5830236316022812,-0.3301458333329765,-0.07381615025332773,0.12766054540729266,0.9641020692275054,0.46278261500055623,1.7279139356970685,-0.5483680063420794,-0.4497285661891267,-0.8663837304356201,0.775664845655505,0.14112791918515719,-0.22738466434820725,0.5962095883114895,1.2361829275420937,0.2636710144706579,-0.07583756896468585,-0.28940460415214236,1.5051422574823703,0.43841990529536834,0.31975879038626454,-0.650978566207459,-1.0446198603727594,0.10894795312226291,-0.01001290274832261,0.4991608769186956,-0.1404374357164054,0.2459444470749318,1.5504226031978567,1.420071134908999,1.809663650784823,1.0341510638224822,0.1710262870281205,0.8357881845313326
$,-0.12553000408884019,-1.22941587334287,1.9134047257579556,0.854438217614203,-0.611022409584724,-0.07488395600214655,0.35352698880417444,-1.708876837456864,0.8777193887542916,-1.4699726963866175,2.2169072227289752,0.7788412638799498,-0.12976665537743703,0.030834702882458147,-0.46682546092048827,-1.2942385272812857,0.5638776109140077,-0.06343836108544225,-0.38697648986276134,0.16804217746721262,1.2035098087288876,0.779711538108735,1.6269372965565503,-0.5959585214217535,-0.3858780762357491,-0.9047365680064517,0.735962181299775,0.04228124206298409,-0.40976837847317693,0.5583019632170724,0.7317350920019821,0.45053692028304637,0.08502778453459746,-0.06474512744285629,1.5703290658228843,0.13349594377727095,0.41711689948464514,-0.4834557478217367,-0.9544464822205362,-0.09305526123295975,-0.26538445222238427,0.40518243776952767,0.0608944136158124,0.21173574064573691,1.7942116322697583,1.6052217783543556,1.8434122105163326,1.1470378851674188,-0.029282796106458394,0.9656123676698819
y,-0.4667354811854931,-1.0511446503672226,2.395283223480731,0.540053490431422,0.7320017430889695,1.0195501946264622,0.45202044006680225,-2.4488732457900655,1.4145674688039125,-1.5983196714792949,2.7665520383388755,0.5618572406851645,-0.264719762405695,-0.9367902528622697,-1.1534566862003877,-1.3125763587663015,0.57678998158972,0.737531906350463,-1.3855451270737955,0.31167883812946157,2.081168345765962,1.8391507953191368,1.5254722970332875,-0.8153295009513443,-0.24078859662368748,-1.1349595368005498,0.7081868706472297,-0.2522101507299147,-1.0145447472742368,0.5136061999579169,-0.7062011552719026,1.0740405329428433,0.5836558787201388,0.608523935410478,1.965731861560415,-0.7745702931018968,0.7649253148213843,-0.03619916105985509,-0.8010915663905772,-0.717470057275357,-1.0733658408730273,0.1711413714336425,0.6792242606159994,0.1346312350439026,2.7595205489687538,2.3688820435186866,2.1778364481066212,1.6338339882488437,-0.6405309920949684,1.4809425293268106
',-0.4959811867357936,1.8677580933275806,-1.4561021113838046,-1.662030068423779,3.3249964179997824,2.184058900000031,-0.25095987564393235,0.7088791159356822,-0.06457311723272485,1.580743350342055,-1.7036304198317587,-1.382030323508967,-0.09665011072629448,-1.8870587118943587,-0.7320070227990787,1.5726354666574787,-0.6757646622055989,1.609145617994702,-1.4271850926807115,0.0656960863905121,0.1818946683476266,1.0556392474569423,-2.2148026911140333,0.3211523452671388,0.7565382736008246,0.6839750569274288,-0.9672623785384199,-0.6151797539897668,-0.6464890247942617,-0.7789055624611174,-3.6562830668313895,0.6316278340248423,0.8470657301254707,1.366781300985371,-1.195163359923466,-1.900788387343294,0.14639461839466192,1.4550712397881245,1.478592316637057,-1.0774238691041462,-1.2140853678540025,-0.9504697235441087,1.1057473190056166,-0.41032989516928847,-0.38439499193170135,-0.5349088285047278,-1.650887083540452,-0.494744019920301,-1.1314842169815127,-0.2148640705045603
V,0.4611130745038871,0.20879248971731987,-1.2541205881935464,0.08798221056818152,-1.4312207884856085,-1.3132139327820689,-0.24329130522505446,1.4989440294734286,-0.9617247837184222,0.6675274841193318,-1.4424403436573856,-0.004951059559561543,0.21020090722022286,1.1733390796867602,1.0023187096168835,0.4718865527515309,-0.21161686761879367,-0.9580876861472826,1.356296049661017,-0.2341185037501819,-1.4918984588470487,-1.5671653759260962,-0.440823779660937,0.47539331751615593,-0.0435376573828959,0.5959011357756999,-0.22158826376035018,0.34567534826555657,0.8823418590018581,-0.13918767620748673,1.5054416041621492,-0.9194152940850735,-0.6396802135916108,-0.8013706335342127,-1.029164368428266,1.064808339675346,-0.5704515543408306,-0.3794028308687509,0.1437936704748117,0.7963884453793656,1.0808564756627617,0.1456806527856856,-0.7777740943445576,0.02082095846787079,-1.8042846543622553,-1.491904565433121,-1.0493801085272825,-0.9940036375578297,0.7581308457357671,-0.9659164923038986
P,0.22432023588037336,0.3800630568849086,-0.9834523513093749,-0.1658192956403081,-0.4585968678009536,-0.5361539396919268,-0.18658882281248518,1.0381475816787904,-0.6141354359795975,0.6306994219787079,-1.1349721253255034,-0.18706582654844917,0.11948683213021116,0.48761385480789593,0.5336700763753196,0.5064368338852023,-0.2231868979875003,-0.38907316238018913,0.6640201947428681,-0.13866630155488643,-0.915149284136555,-0.8462448411751221,-0.5723510102252779,0.3420722467658689,0.07328228911666546,0.46624058988630607,-0.2682636804750632,0.13577063685457866,0.4695102664022499,-0.1913106244307205,0.46123498757989695,-0.49483122430752924,-0.2900239102146223,-0.3226565063424732,-0.8070798485709424,0.41745109814831277,-0.33969418004615765,-0.04521714088233021,0.28733915437248614,0.35803303636874195,0.5189559253886533,-0.03478124068158287,-0.34254283422188897,-0.041505253573206176,-1.1872134797173375,-1.0105597800874,-0.8804653892904791,-0.6917153158176736,0.3267490670724666,-0.6367784529209222
e,0.38702216210043366,-1.7113018125726118,1.4765527022550187,1.4870783422704128,-2.811186410068881,-1.7978665990623919,0.2580267869980677,-0.8347733434834875,0.18372977035018004,-1.5123827486601975,1.7243114945572653,1.2467461645110958,0.059712234196914245,1.5483320731201275,0.5292047093177765,-1.4795406311421484,0.6369160828554893,-1.3258441700292811,1.1098131581777186,-0.028681395209755822,0.030692595164156507,-0.7472918541079009,2.0544933971497965,-0.35160540289577774,-0.6764467859139905,-0.6944691120223135,0.901044690082661,0.5095618406293184,0.4677551915409191,0.72046029601652,3.1002031702185278,-0.44951749366605065,-0.680272097862895,-1.1277697308086685,1.211921296720498,1.5748749246097933,-0.05755037868131226,-1.2624438469699615,-1.3519301034436704,0.8675223838614233,0.9536185986264006,0.8379740641415896,-0.8954892915113705,0.3672544990605917,0.5820518240229482,0.6769953212412652,1.6254602954017463,0.5758034787165027,0.9212583228600941,0.31978581117655674
c,-0.49337297491497006,-1.0773687485759598,2.4867178744920024,0.5455803249721339,0.8025942117289233,1.090189272750459,0.4695448571519608,-2.551175481884175,1.4775632530258842,-1.652441023990885,2.871912065010313,0.5715339791397506,-0.2777387998611981,-1.0003410225901181,-1.2137011546485446,-1.3539166922435886,0.5951294421999278,0.7889620442852892,-1.464109753447508,0.3264631994961466,2.1769828134463785,1.9339470611404659,1.569138743610248,-0.8484269115259474,-0.24307739206187737,-1.178351666105709,0.729148043313669,-0.2705317691850352,-1.067563761895377,0.5279323938624007,-0.7793791612241546,1.1295717092315172,0.6195324679915892,0.6514003870516393,2.040767219327943,-0.830968373562533,0.8010413864427505,-0.021368675453907356,-0.8204534091552176,-0.7619810264154433,-1.135455979487832,0.16809860601548612,0.722332679538359,0.1360543029433655,2.879488351549843,2.469548804236359,2.2572715087297626,1.701841200318821,-0.6821874404513218,1.5452282663051804
},0.7076098173382688,-1.4652246557733621,0.469339172030713,1.4726513735102729,-3.720120759922353,-2.673663156156489,0.06415382327248281,0.31931490532383294,-0.5379132817931844,-0.9374160862607123,0.5644611275818769,1.1763909750713626,0.2120971010084886,2.3339491194844992,1.2427569743875586,-1.0511332524310357,0.4462193013791596,-1.9640454243135728,2.054301908296133,-0.20042862758120014,-1.0751691921144346,-1.8672462277898276,1.6183216936067866,0.019062206319598596,-0.6724865768822563,-0.2162679449874188,0.688838924062415,0.7381540653192884,1.0957943320479921,0.5789026301757145,4.048611600450323,-1.1059718891868142,-1.1173387189529083,-1.660573125684501,0.3853634160438753,2.2787437488781204,-0.4766883125753185,-1.4757262614888498,-1.1731848835870915,1.4105593390728057,1.7025974742282903,0.9009740161041468,-1.4232529427256577,0.363019907896126,-0.7845139881260483,-0.463442879341745,0.761818908286315,-0.19070330655583242,1.4331047058603368,-0.4122375917220892
i,-0.3824138810750829,2.1923280314359563,-2.1311677506996554,-1.8449781571812272,3.2055983232510883,1.9613500236115786,-0.3778041571448727,1.381072711377319,-0.44490864564142485,2.045240713834337,-2.4838344767449945,-1.5643635082763132,-0.02798122423494489,-1.679668232678939,-0.4399639132199298,1.9604186486131034,-0.8458167943794964,1.4487139207561597,-1.0890091851096877,-0.01626282860719309,-0.37128737208424617,0.5874148467012495,-2.674406062540391,0.5469154620864882,0.8384650238975725,1.0037044633090164,-1.1792243902588664,-0.5618139321149891,-0.3896777751313663,-0.9344134502096378,-3.551431416138113,0.35853995576813247,0.7102779450947049,1.2353134945745603,-1.7491723220980495,-1.737159866229791,-0.055091788807002016,1.4983072631839838,1.7272227044120851,-0.9101082454175996,-0.9546045647691741,-1.0182140376368536,0.9493275102938882,-0.45584522321915505,-1.1323058479980561,-1.1816690827591878,-2.272206539031379,-0.9437191135177677,-0.9860204411101466,-0.616440449840338
Q,-0.3896167511770815,-1.04395074930227,2.2227079091908597,0.5755375700408027,0.4689773175717319,0.7896983843430684,0.4181243435961345,-2.2289405292073248,1.268287174888433,-1.5171398772754763,2.568445349166571,0.5794130261766393,-0.23128005049018618,-0.732273683837455,-0.9904103889837079,-1.2612205742628309,0.5533688924384557,0.5696296441831142,-1.1591314286165262,0.2749901026001602,1.8505099173614843,1.5853991777853913,1.4873782056321745,-0.7468538320863978,-0.2574743725487571,-1.0528549234045517,0.6871028707439355,-0.19117294179818214,-0.8709871148776871,0.5026328970979925,-0.4274316849022105,0.9250078964384304,0.47456563644374666,0.46780965310644207,1.8241152971693488,-0.5864760995091671,0.6757110649606233,-0.11352578195795279,-0.7986851199020464,-0.5813522782788083,-0.891915903231545,0.2060239641103609,0.545579010151209,0.14325394316934617,2.4885735051845734,2.1477210299415876,2.039165828527792,1.4883154824182643,-0.5095499573440916,1.33601244108386
7,-0.4571851533288505,-0.7757492392181217,2.0059021526546568,0.33881335053121014,0.9336844052955319,1.0923081821839289,0.38056586087815103,-2.1171110086997933,1.2522661114390419,-1.2866821203773537,2.31495982115682,0.3820171158667929,-0.24359598758957507,-0.9934593151388401,-1.0878579777465562,-1.0333039069351637,0.45537009060330885,0.7926497781500006,-1.3533512230220035,0.2827165438882265,1.8659372030344126,1.7250694380462466,1.167976441452511,-0.6976304763096695,-0.1497447140451147,-0.9509666252351083,0.5474062230375013,-0.27657968190197135,-0.9570705759849776,0.3904171513380524,-0.9389234134631683,1.0087069836692415,0.5910081573914775,0.6573269782953415,1.6461634223613724,-0.8503897441895405,0.6925836835157864,0.09158323702075079,-0.5865180087738637,-0.7295831275572763,-1.0576514258432137,0.07132209893364694,0.697986200324158,0.08480397408401703,2.4209231009609073,2.060785115661959,1.7959913744930367,1.4106356215210376,-0.6657713903724037,1.2984994343507597
],0.16390084082909995,-1.5298320124248437,1.7046633190108733,1.232882411708612,-1.8775757060596692,-1.058263801159576,0.3065337449597623,-1.2466805022782377,0.5006993535386659,-1.5250151056471997,1.9827762767415613,1.0618265401848461,-0.02452159768998538,0.8961976763233009,0.09093687928459906,-1.4270139029473303,0.6173410240899593,-0.7841273670093732,0.45781073157687213,0.059472837441373126,0.5604825460524216,-0.07404321259732839,1.9047443706589295,-0.46923657038378797,-0.559557940087641,-0.8039233429282511,0.8454895680348953,0.30943977071479517,0.08166381252234638,0.6624314207955692,2.096728574497491,-0.05287769950246353,-0.34927698012700037,-0.6718482174118952,1.399081438752012,0.9576407241132896,0.15539860281329104,-0.9375011228688188,-1.200992093310727,0.45235599062298115,0.42366564020967934,0.6603106423986224,-0.48280252535375334,0.3048023547625682,1.1411731221871542,1.1100073504706855,1.7579364703362566,0.8456243083486459,0.5117488459034615,0.6178832224511077
S,-0.5020735368702474,1.8240465639338446,-1.384629567008116,-1.6325142245420405,3.3089578879039125,2.186308182079216,-0.23771149049363777,0.6436429098364119,-0.03035564664568716,1.5269308999561917,-1.6208602612220888,-1.354810487742467,-0.10196095337988992,-1.8903282901950034,-0.752024153659146,1.5256853659840437,-0.6552869905446361,1.6104791202620836,-1.4457247186978204,0.07243232442102007,0.2294545303933173,1.0886765199943689,-2.156347956160261,0.2985770993988012,0.7432225321064502,0.6501691465760838,-0.9407376128547476,-0.6149835706965213,-0.6640689627161036,-0.7588909291650825,-3.6363035167987325,0.6507689718021371,0.852404997389181,1.367488623496225,-1.136506261611237,-1.9000704210935013,0.16307584629510427,1.4395917136004674,1.444725037637444,-1.0836240082612176,-1.2273579855300225,-0.936858142613896,1.1107552666930463,-0.40301202711265954,-0.31504731831908456,-0.4733189139765832,-1.5826175068421513,-0.4510008671240643,-1.135315343956175,-0.17756135756739194
',-0.5221596085217707,1.575923890727226,-1.0095520267601814,-1.4572883726206465,3.167321473211443,2.155371045385982,-0.16854907136284866,0.3131798230295758,0.13708861716328843,1.2352457428536614,-1.186161672235211,-1.196104037661906,-0.1259050965471933,-1.8700398178157367,-0.8352238959828026,1.2674885173960408,-0.5428669267448083,1.5861132987069402,-1.5084229391310926,0.10389343363495628,0.456983445747918,1.2289165898258445,-1.829960289918768,0.18276535561744642,0.664042320580397,0.47285166027709835,-0.7933573872616277,-0.6022392475082262,-0.7370695388972992,-0.6467430674251924,-3.469174249896304,0.7316377076237026,0.8621037001733474,1.3447267129908267,-0.8286794685889128,-1.8601498481160617,0.2412965691496028,1.3365121674293512,1.2518787227083248,-1.093088911242023,-1.2685570170075693,-0.8525237727477423,1.1138863801552783,-0.35960155589480425,0.029167131659225937,-0.16390173359417334,-1.2193644134388335,-0.22904168408122758,-1.1322369066460538,0.0077497237048321
H,0.164812043786076,0.38760002727130255,-0.86783199656251,-0.2030048111636447,-0.2444666302196557,-0.35396401360723545,-0.16363985106262982,0.8829573483216863,-0.5081337987577057,0.582436771213702,-1.002466056804838,-0.20929089515625854,0.09449299928454939,0.3258904078256679,0.4100213756726505,0.4798206575843854,-0.21076504685122974,-0.2558930688895521,0.4895075675654199,-0.11151992844993676,-0.7460632056920564,-0.6543799712787948,-0.5597760549199345,0.29444087384726625,0.09059716764222127,0.4111728793726348,-0.2595357105626153,0.08714934033566375,0.3606275753250071,-0.18865188078186182,0.23338227944374404,-0.38206618000118414,-0.20485042186691985,-0.21091746673033818,-0.7122028229702809,0.26758377098021174,-0.27377496254335565,0.021000582754899196,0.29569867738173494,0.2516173413820463,0.378619071270345,-0.06666342601938673,-0.23773263833214242,-0.050585539859128135,-0.9926830358390036,-0.8532861482601277,-0.7908482655772358,-0.5892095138639004,0.22370154135235198,-0.5327870037091395
0,-0.3776673155046203,-1.0471396304835328,2.2017371105481502,0.5842596269311529,0.42454950597919017,0.7524962526125343,0.4139266178617528,-2.19963650149907,1.247881743753574,-1.5092892966616813,2.544444251778342,0.5849868116655192,-0.22636486190300376,-0.6992986348228231,-0.965858475491973,-1.2575416777952624,0.5515979261741287,0.5424233346351042,-1.1241140937731562,0.2696880635147889,1.8176962069732714,1.5473765921930525,1.4870062903222967,-0.7379559162361479,-0.2615195522846385,-1.0428580892211736,0.6863156518207222,-0.18121475563217065,-0.8493654059954586,0.5028426007945158,-0.3800470067323362,0.9026504298710496,0.4573351965919795,0.4449678683867508,1.8069071255594167,-0.5557773261623765,0.6628483780134307,-0.12766087799873665,-0.8016715658087863,-0.5598068490711798,-0.8636945767700746,0.21306162024777106,0.5243172579160693,0.1453879310172997,2.451372996500465,2.1178532799496983,2.0233961930745705,1.4689842857968092,-0.48860462752298345,1.3161346174270105
e,0.15501627643533708,0.3323996736785156,-0.7731328548984425,-0.16684537837390873,-0.25738359465029687,-0.3447858009464198,-0.14603344163090248,0.794797413112815,-0.46103846093794526,0.5124832369352886,-0.892846150569187,-0.17552536336460856,0.08688690532815249,0.316128069149551,0.3803311113121761,0.4193256021059172,-0.18435141111469988,-0.24957807210017685,0.4599263699247363,-0.10203054675631887,-0.6798489757531526,-0.6058015556379609,-0.48517111784196054,0.26414358449762293,0.07430295746699235,0.3663677847559221,-0.22557763640838518,0.08571049051011463,0.3345422318893171,-0.16316465919094078,0.25082333906345833,-0.35386519136810274,-0.1951192710185456,-0.20614125251576818,-0.6344842062223801,0.26329245768444814,-0.2503212917856954,0.0036584673408681847,0.2530174401607815,0.24005652882013684,0.35690707866862964,-0.050499518235686804,-0.2277402309490137,-0.04161569632684268,-0.8979407957922874,-0.7696803737895229,-0.7011157466864254,-0.5301491671573632,0.21526349226666122,-0.4818468332544235
!,-0.43918609657389773,-1.0414683646626357,2.3241065167181794,0.5474061149283648,0.6441050520672994,0.9400599119853418,0.4381704733336773,-2.3624223585545905,1.35857856909605,-1.5615121126291682,2.6847260000407234,0.5634167618435905,-0.2523343342017508,-0.86585282968257,-1.0940356035804386,-1.2871651862362616,0.5653549507219461,0.6795167946345966,-1.3045550315304502,0.297940242559392,1.9939370240426066,1.7463624210318152,1.5027310769414146,-0.7880402392168484,-0.24433887121405168,-1.1011290361378538,0.6965602606210983,-0.2312321842719984,-0.9622335148050836,0.5065322267839553,-0.6135338408822515,1.0195875349797456,0.5452252773282044,0.5599706356303951,1.9073227134859343,-0.7099426072284399,0.7314682406921388,-0.06026686963475524,-0.7946847294798589,-0.66959421424033,-1.0087207714252084,0.1809066405409869,0.632395886686465,0.13639398006241957,2.6548322406634552,2.282608953936026,2.118858025278253,1.5765382781955246,-0.5948135381871796,1.4249102093448243
E,-0.11128164710066185,2.098668593635408,-2.578433749388846,-1.631116068952244,2.1793528141767275,1.1093793654397768,-0.4678306931375246,2.0223462094595535,-0.89671704193818,2.1999646204235046,-2.995275112792504,-1.4237687049154992,0.08222622126378692,-0.9251020493518944,0.113594079443957,2.0227123679389454,-0.8768018506955908,0.8255124972948076,-0.29478967209539014,-0.13467078855229647,-1.1013423066403534,-0.2689012822459968,-2.655466259070576,0.7403325175778047,0.739453918747606,1.2170419605407474,-1.1848110717930567,-0.3333851667050116,0.09783721527908806,-0.9202002449465363,-2.4555344612919248,-0.14511201470685037,0.317700869538249,0.7118943571581546,-2.116184959400141,-1.0329138944195304,-0.3421887782200359,1.1669223136632163,1.6428307876575263,-0.41899499007912344,-0.3137394184047214,-0.8504478258924112,0.46415863001158,-0.4034752366226099,-1.9527100218096867,-1.837581848735253,-2.6017173454181433,-1.3664197314121924,-0.5075539962944753,-1.054701308756801
<,-0.46641086092625617,-0.9182841930887148,2.216480447175049,0.4406982593602116,0.8442485882415007,1.0675633710013492,0.41933276809746484,-2.300590217574968,1.344181410004511,-1.4520441283364818,2.559068357809362,0.4738561575967521,-0.256361269059653,-0.97560658763166,-1.1307982592982113,-1.1803003308801685,0.5193409435174098,0.7735576569542166,-1.3825815076933718,0.2997083788007317,1.9898712123038387,1.7980857427419124,1.3546058151595903,-0.762191185382828,-0.19580365880489284,-1.0505015693367694,0.63156131834764,-0.267403046515128,-0.994731890969617,0.454607550714093,-0.8343450111719194,1.050729638594224,0.5932915747421607,0.6399792124550203,1.8189858893166382,-0.8217383443919359,0.7348904748657172,0.02994182501400398,-0.697395501531939,-0.7309153035772096,-1.0758713223171668,0.12089626303197905,0.6957490750421931,0.11003987188220761,2.6107723052447254,2.232118872399893,2.0007912597891586,1.5339379920313243,-0.6600422345117495,1.4007348446548005
S,0.14462017192632146,0.31577615396788977,-0.7288826904933196,-0.15990247101704,-0.2352847108893106,-0.31957255262537043,-0.13762867471672213,0.7477833394441423,-0.43309665618453497,0.48434170362850404,-0.8417868769907558,-0.1675125599718946,0.08141057419070058,0.2932337806884238,0.3557620509528803,0.3968395551171975,-0.17443547590407682,-0.23127260242157185,0.42916739595565995,-0.09569217589683109,-0.6381099858436388,-0.5668806467975094,-0.4599184568109327,0.24868435880073664,0.0712426579834734,0.34538709982917143,-0.2137156878754464,0.0793030059018817,0.31292604626652337,-0.15473797317600513,0.22848315846863174,-0.3311014198054483,-0.1816028600870631,-0.19094879178282803,-0.5981699461364762,0.24358809617653598,-0.234799350892145,0.006249672649615345,0.24047388303587294,0.22335898504395357,0.3328317272824768,-0.04926334160397285,-0.21173769363566372,-0.03987577941563274,-0.8440201419963251,-0.7238589160977009,-0.6616264637112333,-0.49883199921618115,0.19997073064768547,-0.45292891883145575
(,-0.4781835362811922,-1.0120730126484323,2.367089179867719,0.5047169851623541,0.805301074886705,1.068472371063254,0.4472175455913925,-2.4369921834496346,1.4151986791611904,-1.566271274685179,2.733513534309533,0.5326360203421595,-0.26720049983038224,-0.9791400924377615,-1.1710207581328458,-1.2802932078962082,0.5629362150198878,0.773556604583474,-1.4185480275226434,0.31355452747426027,2.088113524305651,1.8647329482687112,1.4795420832980106,-0.8095239122850992,-0.22469655310877895,-1.121730070666645,0.6881883038157524,-0.2659396856368774,-1.030050887202955,0.4974204889935252,-0.7866616918131943,1.089309324252605,0.6029005596861947,0.6390969345868515,1.9425898493924574,-0.8169851686284094,0.7692062588836568,-0.004634938781842925,-0.7701162551602087,-0.7419124747659813,-1.1012894961827406,0.15073536073666022,0.704227098664669,0.12590906029839716,2.755136726529243,2.360666031780281,2.145097342474706,1.6254336249886394,-0.6660374057214316,1.4784036204102229
T,-0.4548980497047438,-0.7046805445918909,1.905793178048664,0.2867871530088724,0.9863501237071288,1.1116191698980096,0.3622001950088224,-2.0319839861051476,1.2107104450760646,-1.206429376013429,2.1988517928947737,0.33555609782108187,-0.23822069899255452,-1.00855892690125,-1.071301988763606,-0.9613364187484563,0.42408315265465135,0.8072644679742521,-1.3455640002712075,0.27532547051213335,1.8109140488182132,1.6962084668105974,1.0757872446779737,-0.6674079840186926,-0.1262058675504401,-0.9036637609577769,0.5059540570788429,-0.28301087612056924,-0.9425667083061187,0.3586448200910891,-0.999637448113764,0.9921870860511829,0.5931577782361388,0.6702489131909207,1.5640030738157054,-0.8703945584408934,0.6741167577455434,0.12474505565606753,-0.531137651476544,-0.7330240034769586,-1.0540141003447292,0.045476132250056464,0.7031375801397662,0.07192261200022924,2.3341495388004994,1.9817694388414695,1.697749326091406,1.3533594076324162,-0.6725888449592388,1.2517416481399546
4,-0.4620478136928559,-0.1803208263603584,1.2179254236757335,-0.10980607163902176,1.4587802785392892,1.3265309045153721,0.23670488828413072,-1.4699275643415728,0.9484970027447569,-0.6371352655356797,1.400411271241228,-0.014198097513610406,-0.2088393869152485,-1.1843486928830984,-0.9995708935855053,-0.44411578737997953,0.19957024235906054,0.9680203851673388,-1.3586080836405294,0.2320227218067334,1.4752738313990454,1.5616415936351187,0.4045832145963045,-0.46486038176353983,0.05342689040556755,-0.5788119152758741,0.20538819187122892,-0.34973692204083845,-0.8799519930774947,0.12664573779133192,-1.536624087829885,0.9163446565328618,0.6431729032716083,0.8099665226697023,0.9994582437881621,-1.0773996806277506,0.5651560671150837,0.39463056915740585,-0.12153007256733217,-0.8010522544109292,-1.0837586924775644,-0.1569378653536349,0.7830678124594804,-0.026220487993077222,1.775832669216459,1.4653809013343144,1.0131211944362217,0.974421214647596,-0.7640319506652965,0.9505594467988325
0,-0.5265447386135643,1.4066561879950596,-0.7733617877451051,-1.3328121396380452,3.0381777670847465,2.1061748062182053,-0.12524927026030913,0.11334799318039532,0.2341010242423825,1.0451132004160153,-0.9121960587346073,-1.0851381145808534,-0.1382532351873343,-1.831229901669098,-0.8724268014601484,1.0966889414035685,-0.46862913706323756,1.5489648380312093,-1.523853191746967,0.12100059767948826,0.5849251857980992,1.2941909993869791,-1.6107862211349855,0.1116867109440662,0.6077153007615453,0.36125627303388663,-0.6948620876387249,-0.5860695612417894,-0.7696511694783242,-0.5711765521627578,-3.3206327170430345,0.7689481966107758,0.8554737907111736,1.3119879284276175,-0.6348357424300444,-1.8098769878336782,0.28407348374837466,1.2564144638014618,1.1199324830676165,-1.0830083749620762,-1.2747186188879236,-0.7904471648392256,1.099763620379174,-0.32878426762307966,0.2322181583160305,0.021348897692497693,-0.9871549492202176,-0.09455439118744476,-1.1141804525709655,0.1171781952337405
=,-0.04029792031569609,-1.3160492220874587,1.8494758835599612,0.9645094549240741,-0.9824343251908187,-0.3637951406107933,0.33923905973483603,-1.5707342331046013,0.7657307224346354,-1.484167080787039,2.1451071736884693,0.8609593822604518,-0.09866046840927072,0.28512051329704774,-0.3022713434418178,-1.3315153752366078,0.5788298916945439,-0.27516098862319954,-0.13817436732475788,0.13590737631169272,1.0129031136063655,0.5277442457675066,1.7063898171394065,-0.5579116390522008,-0.43640163499792134,-0.8738877593143354,0.7671594106017289,0.12074125378157165,-0.26478542554633894,0.5881523507647379,1.1319154686869708,0.3019773896977518,-0.04272765697251218,-0.24308345738197987,1.5178821960908964,0.37552941106617765,0.33963621091264784,-0.6162462353171493,-1.025618279329256,0.067364845274553,-0.0625169497064689,0.4796173680403899,-0.09897848978637243,0.23880217269142667,1.5998660442929507,1.457515051806216,1.8158051429633193,1.0569065112924179,0.1297641537213228,0.8621136673743037
r,-0.46222737414728954,-0.867280027953736,2.1392640741909186,0.40470771687051416,0.8731728818045418,1.073758239443971,0.4050929765047972,-2.2325101044448856,1.309660651440892,-1.392033378562549,2.469579288660502,0.4412482192287707,-0.2514159491839734,-0.9796308038641287,-1.1135811276243872,-1.1271940260365798,0.4962174642153085,0.7784460444658496,-1.369533054768001,0.2932157074403663,1.942940497323532,1.7690798710216067,1.2874930558447122,-0.7383384470805266,-0.17954089092111455,-1.0139972448901242,0.6012538083795486,-0.26997897574303675,-0.9796249917731573,0.43154889789978756,-0.8684978653950507,1.0340016160781507,0.5912203003975641,0.6445573241316938,1.7556142886367798,-0.8298094476638302,0.7187493883827121,0.051073601382731246,-0.657756231364004,-0.7288728073879949,-1.0672738737098324,0.10358709011227085,0.6950101868883826,0.10112345114253156,2.539829357313591,2.1683636503264894,1.9260294608272328,1.4882128022839725,-0.6605815551293851,1.3625427106470944
v,0.18689149454271242,-1.5525226451385332,1.6865100902896315,1.2620653247875913,-1.9771824269390155,-1.135945206818329,0.3025135752566312,-1.2086655199477283,0.47013520539251935,-1.5280990388674751,1.9623540082628739,1.0835276691042415,-0.01608901404101218,0.9645866595076187,0.13543615080925717,-1.4363949573755974,0.6210815468539556,-0.8410503121905653,0.5249333206233148,0.050744426942048275,0.5086069083420227,-0.14221347269058668,1.9253047050341534,-0.4587039758207746,-0.5729562809501364,-0.7951727985047642,0.8535140998106108,0.33052485365499695,0.12086981752231102,0.6701824082706427,2.204013870299879,-0.09306619420123971,-0.3836864328643702,-0.7197899359134583,1.3841883390067706,1.022682461947035,0.13434743519537093,-0.9729810022238429,-1.2196608596034786,0.4955564424672579,0.47837079356208306,0.6801316388095697,-0.5258397078456718,0.3119775960808635,1.0879965686881332,1.069471351645005,1.7495889843758463,0.8208053421296208,0.5545480479268775,0.5895590116124111
H,0.7061624227340917,-0.596946765152943,-0.6916437479180034,0.8214474014166376,-2.974101970819691,-2.3491247097220564,-0.147981612638556,1.2785746957188855,-0.9913099739479257,0.015141853919318568,-0.7828490970499054,0.6002476598428633,0.2651951298470376,2.070710214907658,1.3833454006393464,-0.1887203995263185,0.07171492242590255,-1.7207455224709909,2.063197084164133,-0.2769904616195928,-1.661371933553869,-2.1239743221780225,0.5029995348940984,0.3632985853530377,-0.37761312290803734,0.33209820154517494,0.18885475903008717,0.6360011310779883,1.2186811721811206,0.19369106692757657,3.1979330290606582,-1.2514746634418548,-1.0492931809816137,-1.4484124033552113,-0.567472571723814,1.961663419025835,-0.6689195701485632,-1.0397325111767552,-0.4953554300228999,1.3163567882910168,1.6778182274305458,0.5708684879833913,-1.3090313380208012,0.20184814427304276,-1.7444538887091081,-1.347331657771168,-0.3892426957066436,-0.8370643933096035,1.299481848697721,-0.9299082965479895
T,-0.5074572525128372,1.7782517996992904,-1.3118613242693473,-1.6010622277438245,3.2886682659691484,2.185652822430895,-0.22424795854598956,0.5780432354854326,0.0036466329706613845,1.4715030304180852,-1.5365666592397813,-1.3260041837083367,-0.10709749464009533,-1.8910765698463359,-0.7708986051345578,1.4770702932339574,-0.6340965388554737,1.609675416830756,-1.4622163903157617,0.07902263047597395,0.2763564782843125,1.1200292945297434,-2.0954810496894245,0.27577589547712994,0.7290244246765143,0.6157566546525935,-0.9131681355886003,-0.6139765288484915,-0.6806405831316148,-0.7380232124074032,-3.611669892063078,0.6689077121351746,0.8565785013355399,1.3663843744303483,-1.0767855945786662,-1.8968480379542272,0.17941721572962302,1.4223261416767181,1.4092021184127959,-1.0883465477770213,-1.238910381746789,-0.9221106326623366,1.1142586720996503,-0.3952164233727813,-0.24580088780089318,-0.41156330551853193,-1.5127668161195742,-0.4069883501075054,-1.1376182675665842,-0.14030241202566632
M,-0.007687194077032117,1.9074560652603638,-2.54095512904861,-1.432971278040006,1.6546063658030041,0.7265444055795324,-0.4641466187808919,2.0949391305702747,-0.9877048760057795,2.0883218019881906,-2.9488820939501115,-1.2669919488424515,0.11471866118109895,-0.590369662492198,0.29938805732867485,1.8919879337250893,-0.8215338271714089,0.5444177344898501,0.006313851713961796,-0.1660860632759758,-1.2745899985351938,-0.5492821981272826,-2.448483322377338,0.752392631529069,0.6489037723768094,1.2001327200552663,-1.0973885088414648,-0.2280287704211482,0.26163108658950285,-0.8457882885322011,-1.8854965869657478,-0.3110053660325614,0.15589243567639943,0.47440641041819365,-2.0854008344879875,-0.7077162898147125,-0.4171781581226068,0.9625327889269828,1.4892614166769182,-0.21494701422990803,-0.06505164247750951,-0.7273830149354981,0.258790605150676,-0.3546483846446941,-2.093452267118928,-1.9292538024605463,-2.521136303477298,-1.411752163240809,-0.30126549197738506,-1.12901377090609
c,0.6477101997842911,-0.2889991203966292,-0.9809944449228251,0.5597804970336906,-2.5072942380071264,-2.059342934646587,-0.19907686731381977,1.4595519989748753,-1.0450531423413403,0.2979286455626142,-1.1202645826635032,0.3791366223912493,0.2592384322603414,1.8220820119699461,1.3116054007829128,0.08393719565717639,-0.045846016130827935,-1.5068169301765237,1.8963303165108436,-0.2770609882362262,-1.699660305620566,-2.026011978704038,0.12910797980609262,0.4360921512638393,-0.2586626878325205,0.46832210190330625,0.024254033780230288,0.5532855135839623,1.1551923242681446,0.06291552800997338,2.681527452347951,-1.1920349457337611,-0.9427901621251141,-1.2661445899966437,-0.8049609499383888,1.705940585726095,-0.6712778683748275,-0.8243013238492285,-0.25254221491247597,1.1801115187039197,1.532574523536548,0.4255341569504307,-1.1674187296651886,0.13720591468672355,-1.8873558079332076,-1.5001857569177444,-0.7004813560551336,-0.9610184392708404,1.1528688501925448,-1.0078614642266988
",",0.44847676633109707,-1.7368093620309641,1.3809120351447248,1.5387574262174701,-3.0474457602219194,-1.9925513387715945,0.23866980061512877,-0.6941695636665073,0.08357072894239431,-1.482014038309724,1.6150454772350376,1.2814503718347976,0.08442704814740606,1.7206395087188335,0.653965924092503,-1.469675155160615,0.6317404322336775,-1.4682817234828647,1.2897655202635947,-0.05513902129004122,-0.1318714177303909,-0.9400953508343171,2.0642851328669756,-0.3094680840178718,-0.7003398955004071,-0.6488236760230942,0.9022438523629164,0.5618349886051782,0.5776361750913532,0.7255808499182248,3.3527638744664654,-0.5629441336936294,-0.7695784687140239,-1.2474398027069566,1.1334423599429087,1.7360436255121616,-0.12166814326809738,-1.3396963265784607,-1.3743982781665895,0.979289261942427,1.098981865002508,0.8776230585309183,-1.0060076875900243,0.3799179524443054,0.4008545043276855,0.5327021683655524,1.5564579023032001,0.4831926713766207,1.0303533893413326,0.22301400451734774
9,0.4137567095975099,0.27750393450120464,-1.2461861857682135,0.011410697762747377,-1.2072986526099592,-1.1451025441019176,-0.24039418736749815,1.4450165787881188,-0.9103100255386971,0.6980205004293816,-1.4345588333328454,-0.06422081042358982,0.19419078801108983,1.0259073139396175,0.9142933665645535,0.5130553744323627,-0.22880867190903398,-0.8347608934174666,1.2183689008868523,-0.21809427477079377,-1.3999864965230802,-1.4333640131426892,-0.5114127413601854,0.4624407585382212,-0.008486500667027377,0.5917907374784481,-0.2507781595492254,0.2996883515250712,0.8047624858501319,-0.16490528127447346,1.263062384560276,-0.8403870203519398,-0.5671333786503909,-0.6973184456194145,-1.0226638590664283,0.9229011369515552,-0.5319964700468317,-0.29532600681006066,0.19939973126569455,0.7050848235255787,0.967633476085779,0.09651722965952825,-0.6862990688383845,0.0019673661703566415,-1.7191686913169393,-1.430877805321665,-1.0613765317399337,-0.959304989755878,0.666653848163384,-0.9207412336586115
{,-0.4758590295085961,0.11880572619062513,0.8460862324344449,-0.34120515409027713,1.7622521042642645,1.478472174670929,0.1691700825001084,-1.1760453536598459,0.8168985947946612,-0.3216230367075495,0.9685214935021113,-0.21653664801033545,-0.19624250554482867,-1.3107114686108474,-0.9790777624577603,-0.1546403966802835,0.07405828297918707,1.081166007880745,-1.3946093952203658,0.2118696495192666,1.3122965543253884,1.516627144687704,0.025328563350355045,-0.3575955140258513,0.15831403087043508,-0.40328362465377793,0.03606493568745859,-0.3956101331008459,-0.8622187726587666,-0.004718675935782102,-1.8790190120291317,0.8917327529303084,0.6855409929160772,0.9076474146459799,0.6942810721150993,-1.219553657052582,0.5140546070569734,0.5588027056323583,0.11253989560806557,-0.8571338740307609,-1.1236485456420418,-0.2771537608697208,0.845647982232404,-0.08346379218653122,1.4905201365455394,1.1977842054377086,0.6388622690576042,0.7759380769583833,-0.8328638663375801,0.7964933296372232
/,0.36578318051456804,-1.6991644576836675,1.505153182145735,1.4667294001629505,-2.726699368081316,-1.7293577809573246,0.2639027574570405,-0.8796814998236269,0.21660035102611855,-1.5192287772010982,1.756906387438845,1.2325496476690714,0.05137619587229669,1.4877896125163144,0.48663616580150526,-1.4796476137871095,0.6372705832734993,-1.275698513700328,1.0476711105751704,-0.01983301982238012,0.08461654409834475,-0.6816583654126418,2.0468402900374283,-0.36484656436884816,-0.6670624767162322,-0.7081408831433378,0.8987162124386472,0.49110963961527626,0.43026021055110014,0.7172163196297153,3.009683096663068,-0.4108840212267155,-0.6491549687903605,-1.08560977726833,1.235389028686764,1.5179749277063188,-0.036132720762665646,-1.2340828481049266,-1.3415720126271324,0.8285446898313547,0.9032986559685544,0.8230109892934709,-0.8568663244090415,0.36226206228983465,0.6409830223475015,0.7234667604634047,1.6448948554972407,0.605327288107715,0.883052860222203,0.3512399860446134
+,0.023939855136519278,1.8295686942567888,-2.5033562195373995,-1.357862549701532,1.4777529388189006,0.6024715901860167,-0.4582415000027972,2.0954568893282124,-1.0052349277161274,2.032802069543738,-2.9043646284184192,-1.206191589943931,0.12343143249661497,-0.482348952043183,0.35288297294085585,1.8326805300287639,-0.7962367377745656,0.45320495036238845,0.09794445484221613,-0.17394144347598228,-1.3142143566035014,-0.6290066164920629,-2.3602178736815107,0.7483116422597633,0.6146411618596637,1.1826155094157549,-1.0594565489756564,-0.19359445276837586,0.3088153642638867,-0.8144113071761743,-1.6924710618467762,-0.35832018268554255,0.1050100552124937,0.3971947910622786,-2.054535266384824,-0.601389926262791,-0.4357156537939546,0.890370379196596,1.4271472414039368,-0.15059276101219546,0.01135213357263097,-0.6824098901525082,0.1935825305302997,-0.3361242630284254,-2.114739001114509,-1.9372891856037329,-2.470615565907466,-1.4110087203964694,-0.23533938267993385,-1.14000939795146
\,0.18136306220880766,1.1345357953980024,-1.9041655805413042,-0.7537708160578582,0.3351828400882973,-0.12843333606110002,-0.35354450912808244,1.7570709278509768,-0.9310522374710553,1.4187838539688185,-2.2046222311137775,-0.6997660244076602,0.14778450117389227,0.14712993486561737,0.5683129506225737,1.2319115790812367,-0.5376202780221072,-0.0857990916878485,0.5493823859780075,-0.18570094428791215,-1.302442440967756,-0.933286806423527,-1.5258888232348604,0.6057112368130474,0.3398484107450969,0.9008001517714013,-0.6935557855531324,0.013550522543504572,0.49922864465021083,-0.5218254552779588,-0.43246785627211287,-0.541342597051577,-0.1716144112994864,-0.061278431079957715,-1.5627329584757308,0.03882006947667585,-0.45935849812281315,0.3773892646370362,0.8780607127476668,0.2021657538924476,0.3992154987168217,-0.341957201802855,-0.17052745631715574,-0.18693590374417074,-1.8791507618555727,-1.6629893225282628,-1.810843278606607,-1.1775808673557289,0.13922881990342184,-1.0105627434603446
h,-0.33807816607828306,2.226350626371665,-2.270448851007528,-1.8469668344461327,3.0798897116976693,1.8402284144406205,-0.4046137192609188,1.540667879034442,-0.5447038139759971,2.1247462730376547,-2.644222642705909,-1.5740875336093174,-0.00690767459836159,-1.5710186196264104,-0.3412845379133249,2.019656677642913,-0.8721854849392094,1.3604513878912239,-0.95839111158742,-0.04001386417913909,-0.5242167813002366,0.4325332123486223,-2.7347153345155677,0.5981735377413201,0.8390097573039815,1.0698318645850813,-1.2085664150822601,-0.5301997285476282,-0.30282426885571934,-0.9539863351541036,-3.420262687904346,0.26775698487603156,0.6498330954071316,1.161627279691263,-1.863471710200381,-1.639815093832168,-0.11305459031731951,1.4688069981429939,1.7519355241461714,-0.8350079570460818,-0.8510242118920265,-1.0094981573880475,0.8763392450896673,-0.4564292372361367,-1.3212856138771456,-1.3393772682080534,-2.391632415086995,-1.0497167895315531,-0.9152332623346691,-0.7176705280528088
3,-0.5191646276850369,0.970160613130702,-0.20377415055633935,-1.0019168603074775,2.639924745758464,1.9229682241127855,-0.021377715805566105,-0.3506018712632898,0.4497373497781673,0.5725698716406209,-0.2510079691534224,-0.7935768333862788,-0.1621001509931869,-1.681068422289024,-0.9291403964003379,0.6669549348736418,-0.2821129260622989,1.4119991908662557,-1.5088032136380929,0.15637964077219338,0.8601423226994669,1.4015493538870545,-1.0525865870215125,-0.05570578459264408,0.45782838952173055,0.09227447515670031,-0.44497417318795174,-0.5293784102419363,-0.8191341645476949,-0.3781964216753753,-2.8683329512695463,0.8293444866226463,0.8118087338025669,1.1930435885047794,-0.16736507691990907,-1.6340266089772975,0.3731535404255275,1.0302532977172512,0.7789012095574772,-1.0238440148597547,-1.2465940698740108,-0.6212539487699258,1.030734347485311,-0.24690206545924043,0.6921104502349537,0.4472488885041309,-0.4196377251113671,0.21829146037187663,-1.035613818820392,0.36528836058103464
1,0.15284481185968019,0.3398107733378037,-0.7784806948973234,-0.1735479989306631,-0.24348019349721406,-0.3355062532670557,-0.14694445359990385,0.7970510104075295,-0.46091873309604003,0.5185621697988417,-0.8991128867556122,-0.18106803801998597,0.08641635959840327,0.30809516088223493,0.37699956200648205,0.4254490630710312,-0.18697919051428621,-0.24274491525320294,0.4536663870176373,-0.10167476641344664,-0.6785316158134528,-0.6009491384863428,-0.4938831506933717,0.26524478728047113,0.07735529274581877,0.3688771469859672,-0.22937096017171782,0.08310627534505012,0.33160103067400837,-0.16623476129100834,0.2355616021677829,-0.3509690103866972,-0.1914689441605531,-0.2003421727482344,-0.6388737780065876,0.25524721341222956,-0.24950928325639615,0.009645562088569938,0.25889283039033734,0.23542029643999685,0.35161052586371905,-0.0543701258619217,-0.22299769812053621,-0.04327011651649293,-0.8987723182695802,-0.7712387850911794,-0.707325693050598,-0.5317425462151764,0.2104254413332128,-0.482328412939977
e,0.23265292382789665,-1.5957549732099277,1.6477872421160025,1.3187048215705819,-2.1737945890139754,-1.2898526957664522,0.29403833823088993,-1.1308559077336475,0.40828445482512765,-1.5321148985015383,1.918699199212776,1.1254413882111074,0.0008150272605930738,1.1001334875946178,0.2243286814886035,-1.453146622935409,0.6276926937303249,-0.9538175520763521,0.6585657936616296,0.03319922638588281,0.40403802542969663,-0.27848375498610745,1.963745929048707,-0.436970848366409,-0.5989695253278441,-0.7765320385673368,0.8683732402654704,0.37226865826683425,0.19918624509164037,0.6847528290944197,2.415677570187164,-0.17338874632448706,-0.45202942932640905,-0.8147487562248633,1.3524189195540373,1.1514463468655076,0.09201505391781158,-1.0426347265009401,-1.2553118032113955,0.5813402996149154,0.5872103614242663,0.7188511494414986,-0.6112539488225168,0.32590126281066484,0.9800051734161612,0.9868114409843058,1.7304073287559771,0.7699607601185307,0.6394453314214505,0.5320237815085582
o,-0.5260105874468701,1.225395213878261,-0.53148609477131,-1.1967443796465325,2.8816297842379393,2.037724991286035,-0.08106071854333355,-0.0862686772365337,0.328323058661743,0.8464784278136295,-0.6314949818558896,-0.9647957505974147,-0.14923867881138017,-1.7756546594894884,-0.9012890168704167,0.9167853242557132,-0.39050902602854104,1.4976626711957832,-1.5250293544401572,0.13687513816006303,0.7066212177005169,1.347028506057539,-1.3780392753269086,0.040021592269185335,0.5461002265048379,0.24701309919535291,-0.5905367637498624,-0.5645580654082211,-0.7948761934113951,-0.49078351083588423,-3.142186078420283,0.7988786000882728,0.8409388424635881,1.2672689031229762,-0.4363247000083417,-1.7431099078283527,0.3239399733550049,1.1651533205402036,0.9784197134337458,-1.0629309649224536,-1.268999340063275,-0.721421461433914,1.0755139872076513,-0.29510823168175826,0.43182338371042156,0.20522560524860056,-0.7472486904487865,0.03995783067543833,-1.0858881599441128,0.22482368225745852
f,0.7198819017009859,-0.7038359507370251,-0.577330251307979,0.9087906637281712,-3.113202965541973,-2.4299024857929243,-0.12750905020013648,1.1977019155799349,-0.9605165577213749,-0.08925602132574592,-0.6498091479287006,0.6750938678493091,0.26445204628133495,2.1394046272724787,1.3944586816808067,-0.28712584866955665,0.11425108533407204,-1.7805282287086104,2.1018389651204634,-0.2738951488871759,-1.628849951166586,-2.1365458108606377,0.635235476052077,0.332442501475703,-0.41727178590991915,0.27820857528924714,0.24743091439051992,0.6594411116519683,1.2285778644207084,0.23974628041028093,3.352834629522758,-1.2595155365430357,-1.0769210976189183,-1.499543230081936,-0.4736505211968218,2.0341811258997065,-0.6606380787583069,-1.1076153189435558,-0.5793629733303264,1.3519878408996033,1.7127606032174647,0.6181103237791996,-1.3467218674371855,0.22343742967354818,-1.6724526206503503,-1.2760626886839601,-0.2702125837028784,-0.782101707201488,1.3391212487768438,-0.8908719021321457
Z,0.73041161545387,-0.8108719572598401,-0.45608081386541977,0.9945533280247386,-3.2412961807144076,-2.50111760828302,-0.10567141707347429,1.1078995508041205,-0.9237519064188215,-0.1968460335263774,-0.5088096599703023,0.7491139933176896,0.26233516310877275,2.1995948531285516,1.398853016651492,-0.3875056054320194,0.15769090592547477,-1.833324521603689,2.1311182620304607,-0.2692957344850173,-1.586890033018077,-2.138667077153146,0.7688533435288474,0.29881411701908484,-0.45618916896445494,0.2210184069522254,0.3067922892980144,0.6803389548229225,1.232558559795753,0.2861884715119492,3.496059093292412,-1.2614179003656978,-1.1000253961583455,-1.544817502037104,-0.37413680860456494,2.0988645055508046,-0.6487001867654903,-1.1722243387667708,-0.6633523920383322,1.3819729172849864,1.7401941831670442,0.6638521715507304,-1.378865205940709,0.2446421181567891,-1.5894120106166751,-1.1958002522273163,-0.14564705568666983,-0.7212327854568215,1.373320278377732,-0.8459312712132792
N,0.11692259941154164,1.5188896002979846,-2.283297273276598,-1.0758482261106745,0.8880941575740556,0.20757685585630695,-0.4208650380509869,2.006352616045562,-1.013863271132164,1.7798243779534355,-2.6463922951276215,-0.9732728689699622,0.14399276077887904,-0.1403687656276681,0.49664359658268736,1.577099839038659,-0.6865927069437745,0.16245068248715672,0.36609964654821686,-0.18976907188582123,-1.375157293267893,-0.8387958546456089,-1.9957333227077723,0.703810205645366,0.48620046190352284,1.0793852360536749,-0.9008664750875655,-0.08285658269174846,0.43572247565575994,-0.6859072897346469,-1.0454490987354474,-0.4834739139765632,-0.050791369333038024,0.15048488235220903,-1.8739073490869327,-0.259297186788683,-0.4719746064770022,0.637336994977133,1.1807650097082845,0.047228524962115846,0.23798798935384616,-0.5191983667753011,-0.00863653959865525,-0.2665174978833608,-2.0865409555842764,-1.877374572094209,-2.213559928983867,-1.3477625044938835,-0.029179516554811057,-1.1233827814073212
],0.14570968966095604,0.3179284587203511,-0.7340699937112399,-0.16093733997661291,-0.23725067441473185,-0.3220636739313258,-0.13860999088913792,0.7531654481532999,-0.4362404087573534,0.487741564026874,-0.8477760072365527,-0.16862426251966645,0.08200987139636401,0.2955106007841109,0.35840474764172564,0.3996038775155433,-0.17565175717702056,-0.2330776042744428,0.4323971623034499,-0.09639292608727687,-0.6427631634416044,-0.5710830821223343,-0.46309205314352175,0.25046768394493596,0.07170249958313711,0.3478456081203995,-0.21519515569239425,0.07992680832521508,0.3152507467939138,-0.15580312692517445,0.23042511892653997,-0.333557118008849,-0.1829882169158378,-0.19244201450003487,-0.6024269800544912,0.24550503528207723,-0.2365176406306678,0.006183346695112902,0.2421086143676989,0.22506561208104608,0.33534474317862745,-0.04954849284148872,-0.2133620067044111,-0.04013416849559826,-0.8501268376978633,-0.7290804512203307,-0.6663098374498118,-0.50242062188078,0.2015114720118062,-0.4562053128258131
.,-0.5137678637251674,0.8387925941466828,-0.03905991612045032,-0.9006472843223827,2.5089824586719596,1.8582560317962507,0.008560328802304038,-0.4815046663881146,0.5087673957659613,0.4333703062368159,-0.059713219560453334,-0.7049089974021558,-0.16791846257900234,-1.6273655255285282,-0.9395439454509793,0.5394421243311429,-0.2268154202088625,1.3637820138888248,-1.4949548486916457,0.1655429042074452,0.9336751228112906,1.4235000672008935,-0.8857783839138463,-0.10338248275891335,0.4119307403055761,0.0145148885408946,-0.3704652473611267,-0.5097687190797202,-0.8281579396684665,-0.3204373749692487,-2.720440757813299,0.8414350316570507,0.7941525714930195,1.151380127837351,-0.03218040302692784,-1.573250141363277,0.3963555662166518,0.9588552390120146,0.6761320508421474,-1.0004014656957052,-1.2306505420486769,-0.5687846391288788,1.0044178176127774,-0.2218487446206188,0.8196919360190413,0.5666238841904826,-0.2541540576137858,0.3066749433929378,-1.006529991429057,0.4341692727156414
c,0.3674071759796544,0.3279250029572838,-1.2158582860851932,-0.05092566296894342,-1.0024991658781146,-0.986771159749387,-0.23343522941937622,1.37356557144537,-0.8511485175276288,0.7093754658220559,-1.4006624607408242,-0.11107138419677767,0.17747987279998004,0.8866371411141724,0.8253556517882574,0.536616995789875,-0.23836869087535456,-0.7187101111205549,1.0831194477301724,-0.20091364817671953,-1.2985843624316122,-1.297339775153139,-0.5588725438364485,0.44306750082453855,0.02011097336221728,0.577110733170103,-0.269650280043176,0.2566365575671402,0.7263987906226607,-0.1826068624990701,1.042220766259728,-0.7601649494261098,-0.4974079615029691,-0.5995388989833471,-0.9977844376683697,0.790087470944392,-0.4906011493177083,-0.22145798980205264,0.24068660730080918,0.617498485241925,0.8572318959215572,0.05478369233462733,-0.5989338322342649,-0.013365072085454855,-1.6171605269747087,-1.3539386406259148,-1.0507603170173194,-0.9127648939121282,0.5796636395422621,-0.8664414533762104
],-0.4934071579699939,-1.0772520835240496,2.4866336891403327,0.5454748127524719,0.802813078171398,1.090335350790357,0.46953051606041696,-2.5511400059011953,1.4775651377738344,-1.652345329822585,2.8718134144542407,0.5714467267135089,-0.2777462071616678,-1.000467476112953,-1.2137535996824207,-1.3538202971167912,0.5950880758664341,0.7890696113987963,-1.4642082976938937,0.3264688001673126,2.177003551241418,1.9340234475776896,1.5690015993520974,-0.8484095764629026,-0.24302934239716864,-1.1783121638876457,0.729088329056122,-0.2705727645718719,-1.0676100620948397,0.52788406451354,-0.7796194105001097,1.129617300725367,0.6195899312010933,0.6514916757905869,2.040698118972583,-0.8310950212779598,0.8010541690285444,-0.021274426995292035,-0.8203609191419082,-0.762054009685965,-1.1355393574798087,0.16803767516036355,0.722407336183669,0.13602825916765335,2.8794752617767405,2.4695242718263573,2.2571737521554023,1.7018161174486617,-0.6822636007364676,1.5452206853088915
=,0.6056113960240901,-1.6969499992698995,0.9954924916399858,1.5921800563943542,-3.5618696489534036,-2.451597052168891,0.16342958852235573,-0.21808431148344679,-0.22772249005022413,-1.2889173127614684,1.1721829144631797,1.3005113818685,0.1541218390235684,2.129828064896231,0.9903524593300475,-1.339979117223266,0.5731375222566604,-1.8034248390473082,1.751480204001147,-0.13213660573870484,-0.6189907768214139,-1.464719883884568,1.9542784984838335,-0.15991725643686006,-0.7257901667594183,-0.46557169234981727,0.8447627751344643,0.683271202089518,0.8737889234245925,0.692037204427267,3.8962407108778696,-0.8709118686681012,-0.9899419560964704,-1.5280744193650075,0.8171606401272128,2.1101990604656584,-0.30907534645231305,-1.4846441460027993,-1.3498230903960764,1.253978829334525,1.4680781240883163,0.9391380528567279,-1.2750770121191022,0.39281480286136516,-0.17922341291447585,0.05630077225666442,1.2404278506130733,0.16785224420456604,1.2934297195717304,-0.08739257256269957
y,0.4294915100604675,0.2566591935391932,-1.25148442720478,0.035365212612808415,-1.2800054046197034,-1.2002276788911594,-0.24184328471213312,1.4651374437620612,-0.9284362259731629,0.690070231992461,-1.440266623135429,-0.04584419020736132,0.19963320990797578,1.0743004316776152,0.9438694359876162,0.501350532040404,-0.22395374780072094,-0.8751888220964561,1.264227138419074,-0.22359517292321532,-1.4318757218119296,-1.478419230934134,-0.49051034849501896,0.46753443909530396,-0.019459231797257524,0.594413805165734,-0.24222350746599447,0.31473721303391183,0.8308264287951828,-0.15724149035766494,1.3416631322619128,-0.866984325353064,-0.5910871566876368,-0.7314121542764208,-1.0270084251637244,0.9693348328924146,-0.5452170525444611,-0.3222681256674047,0.18247377847840104,0.7352121540566283,1.0052044977013064,0.11209917920451748,-0.7164374720389206,0.007863590166819511,-1.7496561106414816,-1.453185234173925,-1.0600283440646463,-0.9723182032109753,0.6967484324120228,-0.9369411759264911
d,0.30024437698536144,-1.6533151467720315,1.5821518432981527,1.3976474357363853,-2.458825988340188,-1.5148586671265025,0.27997755431506,-1.0089437820911527,0.3136215590968827,-1.531129718317056,1.8444248146961844,1.183175167078534,0.026172461831900872,1.2984609852637907,0.35666789155438616,-1.4716303142306453,0.6347394055436257,-1.118638259989073,0.8560415710733718,0.006724227431789267,0.24530446803017905,-0.481656105266036,2.012434260332189,-0.40236524071232205,-0.6352566617649998,-0.7450122554940756,0.8866931994953747,0.43319365098824353,0.31577314759501424,0.7034797757249305,2.7221840849113637,-0.29310347740882564,-0.5524962927815205,-0.9534877684186912,1.298567218235769,1.3393626009865283,0.028082691485737006,-1.142365766609105,-1.3030553074455022,0.7073820568479628,0.7478157846921751,0.773653002526102,-0.7366043005408809,0.3452998060889359,0.8135014806344909,0.8582814783255321,1.6937115887885814,0.6901555914128671,0.7638911014087455,0.44326930045681107
E,-0.5194762217424919,1.629200403628136,-1.0866454771187306,-1.4957762132979213,3.2034206541598333,2.1669264723088,-0.18272056021606117,0.37965794698783495,0.10414620300126641,1.2963276506334966,-1.2755500990485906,-1.230652966962605,-0.12146100069705965,-1.8787628185014225,-0.8207792845313845,1.3219941512431799,-0.5665763445613731,1.594934777812489,-1.499742132590633,0.09789983845931911,0.41289907538966647,1.2041202799564288,-1.899432183859555,0.2062459089554491,0.681447888477245,0.5092864352844081,-0.8246447330062245,-0.6062830406348166,-0.72440625744204,-0.6706588844201171,-3.511098165018979,0.717396693559542,0.8623377599377168,1.3526239793050574,-0.8919505450592373,-1.8727507078707732,0.22635223034562524,1.3603551621299144,1.2933541870338918,-1.0939487340802518,-1.2635484727862678,-0.8714266261297899,1.116057453783748,-0.36913295832739607,-0.03918605420490599,-0.22582177189403155,-1.2946334708387277,-0.2737393254610436,-1.1356883969965978,-0.029068800186388542
;,-0.1474443706895003,2.1457531941962085,-2.5651548394049972,-1.6855540097456148,2.345750543770349,1.2357683195108917,-0.4642988570528473,1.9751911262815065,-0.854626426596902,2.217333219162758,-2.980878105424849,-1.4654579122954252,0.06966723825674424,-1.0360766330767992,0.04548447720182629,2.0487958374271953,-0.8876047930682776,0.9181992001231846,-0.40019644690302875,-0.12195514108534852,-1.0274934034773766,-0.16510495291028296,-2.702448936434554,0.728298794960037,0.7643932941595882,1.2104928692106098,-1.2039982168568324,-0.36787579927003616,0.03781651059081549,-0.9374487892770352,-2.6353793480618664,-0.08384399579269704,0.37269049293451995,0.7900523468601481,-2.105295446947386,-1.1393339470634112,-0.3116208231095306,1.2284310368844482,1.6810893589095954,-0.48814878392369115,-0.4000673061664336,-0.8859473711002904,0.5333188760745043,-0.41687388935696773,-1.8817283109280318,-1.7854727956607381,-2.6037236781903594,-1.3358974461347508,-0.5765951206033315,-1.0169769196412033
O,0.004039451211306701,-1.362793360353941,1.8184697269662882,1.0230249346470626,-1.1770730645068417,-0.514704219969359,0.332217628785229,-1.5007343635961574,0.708355987769961,-1.4933942922778904,2.1103673716230906,0.9047893947400086,-0.08258296246695063,0.41790010231243363,-0.21694852262946349,-1.352574739093777,0.5873324232693268,-0.3857621930616092,-0.00877394582456271,0.11934024112655553,0.914891261295183,0.3971771381363973,1.7498769461317725,-0.5387873827149122,-0.46325288890388294,-0.8589027978580476,0.7843548470703255,0.16175097521174556,-0.18960853482554094,0.6044250504749702,1.3417210795567749,0.22498387242400827,-0.10931301329038022,-0.33625911341998416,1.4924456362048255,0.5020400036283474,0.2997057219042408,-0.686162854921096,-1.063951250131551,0.15099178006447544,0.043055167454239186,0.5189746278295291,-0.18235953969571658,0.2531930992773763,1.500632782964525,1.3823943886178063,1.8036730226606013,1.0112746413432319,0.21275312724359524,0.8092795102655868
4,0.09353816724730321,1.6122636497780276,-2.359072527354804,-1.1581895946432454,1.0493947545738103,0.31250974555781424,-0.43399907797454806,2.0456691430894947,-1.0196986275920243,1.860190465525686,-2.734980932368444,-1.041955664906924,0.13976463533822037,-0.23092659589325862,0.46300996442641335,1.656528686184197,-0.720747607336306,0.23978772507613644,0.2988914037252677,-0.18714429603495975,-1.370194484913257,-0.790624676970444,-2.1069848406721845,0.7210658890851489,0.523671840056505,1.1149977388963106,-0.9495323287777095,-0.11247897425329349,0.40601028685657736,-0.7249891405819555,-1.223007685039455,-0.45460140070705735,-0.010450261166543092,0.21620757465513,-1.936102821685667,-0.35083365227018776,-0.466258817873666,0.7085991516864008,1.254624945260515,-0.004130403734482937,0.18061573619410645,-0.5660266656533167,0.04418054719133411,-0.286848786609706,-2.1105687826064568,-1.9080277678149467,-2.2984542737639337,-1.3750600336966523,-0.08332905318697645,-1.1366971299486182
/,0.6102149660817568,-0.14892024574159143,-1.0895713753304908,0.43497325360559613,-2.2568866880366243,-1.8946452655507948,-0.2177745226270357,1.5118993299838035,-1.049346413250083,0.4161992561884904,-1.2473132383501286,0.2754004472290902,0.25186257231510356,1.679758540729942,1.2560817846756869,0.2017118571480494,-0.09644893426446095,-1.385478328817164,1.7884208859541235,-0.2719948512597959,-1.6851477447177232,-1.9458703892558151,-0.03688741925554211,0.4599250023001001,-0.2018497592599793,0.5193200421032719,-0.04822376916633066,0.5069093747499402,1.1061570093865614,0.004528862964306721,2.4062098717058973,-1.1440938059350974,-0.8788387297559606,-1.1630887644275119,-0.8940806255210881,1.5626490195729905,-0.6599606136021932,-0.7148611820946096,-0.14163777526030757,1.098778532618495,1.4408195484377027,0.3541053818391495,-1.083970425181117,0.10639342681819285,-1.9151706446267942,-1.5394784494008096,-0.8237972769183409,-0.9975829439036461,1.06749997350996,-1.0234335769710607
#,-0.4566549588216924,-0.3438515095673411,1.4257662044380999,0.01555485032236258,1.300404807579012,1.2499706175586893,0.27452480142328545,-1.6365212626150782,1.024428017254156,-0.8116740456518936,1.6417523745759561,0.09579452952845449,-0.21664916137655632,-1.121049079534297,-1.0153028349211928,-0.6036069817359229,0.26875525571649833,0.9109176403839043,-1.345258015079243,0.24404887018759946,1.5706890964176452,1.5932896629037419,0.6127265899651194,-0.5253371914500371,-0.0033791661607665536,-0.6769418711853268,0.29843011677077896,-0.32638944409779724,-0.8936340349951418,0.19867955687151637,-1.3574343023377686,0.9339351490306921,0.6230779837292795,0.7605504796810156,1.1700375032383143,-1.0050201926886508,0.5955440515474832,0.30714283630440425,-0.24940492958769434,-0.7742223610162949,-1.0670327709288445,-0.09226887404605245,0.7526206742413233,0.004795514840014143,1.9391682925071976,1.6176562963312575,1.2213386793655456,1.086851673842938,-0.7300969885785563,1.038720754987461
6,0.23481599627923988,0.38205521969440714,-1.0082978005596601,-0.16174886916580672,-0.4935296159286259,-0.5670629059354627,-0.19145025543655447,1.0692040213797414,-0.6345761276602678,0.642860910313292,-1.1635102886415651,-0.18534824545037712,0.12410060990971294,0.515145683895452,0.5560280476346331,0.5144334973080338,-0.2268118842148198,-0.411644290167591,0.6948501435258279,-0.14374971107295523,-0.9472305095817495,-0.8810851637829017,-0.5788375253804007,0.3517947797127113,0.07135500755989725,0.4780564389465538,-0.27171692418080395,0.1439598886159785,0.4891947781322839,-0.1932537012368297,0.4981888657994693,-0.5152873804905808,-0.30479395975982154,-0.34156311627003283,-0.827468351567227,0.4426846925159411,-0.3520623336790372,-0.05523426194774509,0.2884574706215395,0.3764515763019635,0.5436260951655016,-0.03041809864370481,-0.36060145801770793,-0.04051954666299521,-1.225214814393348,-1.04169548923753,-0.9006841365524137,-0.71227742282962,0.344422402875068,-0.6571103352163523
K,0.5967242428058283,-0.10508518240467209,-1.1198358149907601,0.39498579293635233,-2.1723929464847607,-1.8378081698633888,-0.22289338340893025,1.5234507328380502,-1.0474427518013951,0.45154009863223565,-1.2828115423823343,0.24242941749465,0.24880259146131156,1.630511822981097,1.2350185154545843,0.23755997427710415,-0.11182125489444468,-1.3436363915547234,1.749495879339937,-0.2695880607169475,-1.6754618079847994,-1.9150587436679831,-0.08817519957425993,0.46588792629108505,-0.18363539739955184,0.5335117930298802,-0.07051835857885294,0.4909869185404742,1.0875648070409227,-0.013564858272517601,2.313542522056924,-1.1257235357295998,-0.8563280464965178,-1.1275933893525294,-0.9189223324254072,1.5134633469211565,-0.654422783226166,-0.6787698820367671,-0.10685918168679827,1.0702079036423642,1.407967842127136,0.33089603034918297,-1.0547904003071575,0.09652435789719875,-1.9178829166805564,-1.5469024352731868,-0.8594445954817487,-1.005831742355195,1.0377759788017464,-1.0251023129025358
:,0.20518093689023084,0.37350746030848,-0.9342275673211515,-0.17105229823018978,-0.3973903452158476,-0.4808684014089834,-0.17700774114137088,0.9782728429827523,-0.5753260429342936,0.6053114524478821,-1.0783848404567853,-0.18825985347608074,0.11089265986025489,0.4382818995117395,0.4924162387841528,0.4889488207164265,-0.21531468261704775,-0.3487223819951063,0.6077567199273083,-0.1291365654524053,-0.8546607492881214,-0.7818324796536934,-0.5567664085542158,0.32318001989052786,0.07580533102102496,0.4428432407135665,-0.26028245999771066,0.12117728036522561,0.4331923632212511,-0.18647016467666738,0.3966941412781541,-0.4570297421382954,-0.2633124620585524,-0.2888849836877959,-0.766684944835224,0.3724922876951003,-0.3164878899122471,-0.028413201644811936,0.283018338807711,0.3247547985622344,0.47404115085631265,-0.0416287073193105,-0.30998844780497536,-0.04276080209576737,-1.1146690282344471,-0.9507940915575543,-0.839713053864597,-0.6520351027057792,0.2949627310629073,-0.5979512336622972
.,-0.21977919004588453,2.2113208716268518,-2.5002331089998138,-1.773009131707696,2.6541708764746996,1.47802776287431,-0.4502235622923347,1.849125649582031,-0.7554046555069239,2.2206384569086186,-2.9075647197264995,-1.5298743836298982,0.04277578720938886,-1.249507459434592,-0.0954855193163743,2.072521749604219,-0.896859281015869,1.0956838616334044,-0.6114704216833605,-0.09397519185074889,-0.8603187598307236,0.051130577544777636,-2.759653659722793,0.6928434862057906,0.8045729093603433,1.179273852942004,-1.2258902386125987,-0.43353786628621316,-0.08637828499457717,-0.9592510536213654,-2.9672587349281967,0.04359431985223892,0.48050939055990416,0.9394850222811136,-2.052030602635718,-1.3418703298719348,-0.24408790593313973,1.337146490116344,1.7352808218894316,-0.6234545482309085,-0.5720412026249314,-0.9461004383844487,0.6679764006713387,-0.43836947893101375,-1.7079494468163126,-1.6519807689561896,-2.569724263555845,-1.2534577340026716,-0.7103734626770021,-0.9243717742877752
"""",0.6232350282100398,-0.19425541121182277,-1.0563014719417942,0.47583500631250597,-2.341017855581517,-1.9506165272320455,-0.21209200569000305,1.4973902065628995,-1.0495924341128722,0.3787631170168452,-1.2083404045201342,0.3092298855221069,0.25462837842726654,1.728192054544226,1.2759090937325177,0.16410255966945733,-0.08030494868316652,-1.4266982395109549,1.8259420320031263,-0.2740481905279248,-1.6924357238430467,-1.9746948902635508,0.01650427767205989,0.45296477893793236,-0.22045621973054963,0.5037050896734074,-0.024961441135917733,0.5226286905778517,1.1236624885168658,0.02333584199532668,2.498593557325921,-1.161305842769523,-0.90079429625664,-1.1980766830818412,-0.8667724036448106,1.6112125160032034,-0.6646288125003391,-0.7512092142716419,-0.17756774886448204,1.1266721045925179,1.4725996932520344,0.37765428163906495,-1.1125221298157217,0.11647986005647633,-1.9091865619511657,-1.5292155937195384,-0.7853691210014568,-0.9873576059538061,1.09664452469523,-1.0200077055411843
4,0.6894213985256497,-0.4914099551121949,-0.7977605021044208,0.733515792755321,-2.8256091167220068,-2.259735989318643,-0.1668638221877094,1.349642823623526,-1.0158097665202772,0.11518294829674912,-0.906461692162119,0.525423429367373,0.26456180201269425,1.9943225245448315,1.3656668157289897,-0.09339139940210313,0.03055861118820303,-1.65468037042281,2.0156680127535918,-0.27855306518080386,-1.6841286547343755,-2.101138388890755,0.3736319049883156,0.391045829375816,-0.3376638161776004,0.382093048552167,0.1317215153251545,0.6102942006515601,1.2030050225059452,0.14854090648885548,3.0331513241252206,-1.2374118139461048,-1.0174724189823816,-1.3920266105891328,-0.6545681615130975,1.8821626216267047,-0.6734665759878296,-0.9693556848008664,-0.41227780616444676,1.2755055588455388,1.6357929124510304,0.5226660597933643,-1.2662422417245525,0.18011949859922569,-1.8046497224277436,-1.4088407328221875,-0.5014174806049899,-0.8855254483019784,1.2548722449374259,-0.9626247679291073
P,0.7413956999595755,-1.0205034300518272,-0.1982486032672419,1.1574122413047911,-3.4585277133116064,-2.611534360715883,-0.05888598557561537,0.9055300716315277,-0.8339376067950653,-0.4167207894633061,-0.2092991387766285,0.8912930762203981,0.25406545991966545,2.291648635496263,1.387230150532904,-0.5896254059120775,0.24530741548194124,-1.915493271166797,2.1601779889670927,-0.25578224501699565,-1.4764940708005978,-2.1113777922062207,1.0341513614875415,0.22475193530587112,-0.5300189864239641,0.09931838082964667,0.42516941337226133,0.7135344945446023,1.2225426137338473,0.3781185634151995,3.740849470723047,-1.2466707550620368,-1.131572760357452,-1.6156840087542865,-0.16252750999672821,2.201714638665519,-0.61437019069844,-1.2886475918190177,-0.8274457349258835,1.4235918488052548,1.7712229995548638,0.748737385571712,-1.4249993714881781,0.2849273978225582,-1.393911309830206,-1.0118833248156482,0.11445319577987931,-0.5845049262339018,1.423793384703005,-0.7403394766945806
},-0.353385348028256,2.2177194615875933,-2.2265377175343524,-1.8486139740031773,3.1259499549959044,1.8831951796972046,-0.3961208486225524,1.48902271333732,-0.511885276336184,2.1007191594085213,-2.59369431364676,-1.5727959302181322,-0.013990713377890845,-1.6094611500627534,-0.3748388819145669,2.002301660218374,-0.8644266057141021,1.3917860877895432,-1.0034406606380257,-0.03209079960276462,-0.4735354259601687,0.48506898948338273,-2.7178968588050707,0.5817158931390168,0.8398783915398774,1.0489737062658673,-1.2002309630351182,-0.5414770836320053,-0.3323604727765213,-0.948611323067972,-3.4685824673594254,0.29856835981847135,0.6709388183468015,1.1878195366871094,-1.8274368769371976,-1.6745488142433806,-0.0937381898243292,1.480551027983206,1.7458350794028124,-0.8612655775603285,-0.8868626505315348,-1.0136892427156308,0.9019396593555772,-0.45680521046541983,-1.25950110710308,-1.2881132912903277,-2.35453854697777,-1.0154489874583197,-0.9401435173087338,-0.6845870647926318
Z,-0.20182269921382942,2.198653647209705,-2.521188217078109,-1.7540029863170432,2.5806883649472687,1.4192199077646248,-0.4546019740666609,1.8844244346949535,-0.7819314609688233,2.223783406884897,-2.9313794066595737,-1.516276807346682,0.049674656161026634,-1.1976032553906402,-0.05989389565759586,2.070220448201762,-0.8961203132706815,1.0526229646478664,-0.558968859053957,-0.10124204702193212,-0.9042728393845828,-0.0036348480294216487,-2.750091665902724,0.7030810490512954,0.7958229488810805,1.1893092801071758,-1.2225354618108204,-0.4176576449137244,-0.0550260526171092,-0.9554407405623004,-2.8883864858387978,0.011342486149315467,0.45401859307912973,0.9032604844375993,-2.069224454433326,-1.2928956388728943,-0.26165829582951555,1.311964910422052,1.7246457101599888,-0.5902469827440397,-0.5294390116013115,-0.9325372573458968,0.635013153077488,-0.4337025905897884,-1.7550994722813147,-1.688809962109658,-2.582959294495782,-1.276620497003734,-0.6777093097106078,-0.9495230964388672
d,0.6465217466216334,-1.6408508754151623,0.8338517618033615,1.5718381486829838,-3.656783320431066,-2.554250912414886,0.13263827745851503,-0.043412421886611915,-0.3327841039642041,-1.1884120747874423,0.9857514674277101,1.2751575525851824,0.17509566990748654,2.222703868713671,1.0854944904170651,-1.2607559687558965,0.538139450000577,-1.8780363490192176,1.8723807082681552,-0.15625030722460506,-0.7769046900991146,-1.6150744419147294,1.8668790439833969,-0.1027897708333294,-0.7169077005554116,-0.38890920412209795,0.8034526150331482,0.7095693865405402,0.957504758214348,0.6630119380508169,3.993223637775709,-0.9588998930409737,-1.0438393031292472,-1.5901071219446143,0.6845095550213798,2.1911029523445413,-0.36807629757291355,-1.499503118132368,-1.307735012942131,1.3206696414674262,1.5630478372966978,0.9378081418003437,-1.3392481417716127,0.3876954074921606,-0.38105624169305635,-0.11448638121081041,1.0974086863079655,0.051578172367169405,1.3550164577033996,-0.19560601840910194
O,-0.4534057986801382,-0.5832860087139479,1.7398950926877093,0.19664002126867733,1.0847369117897327,1.1518840451494377,0.3318352883209624,-1.8932117586494601,1.1441893975701902,-1.0716414111495685,2.0063761340988977,0.25549568894476654,-0.23007199992412128,-1.0408212608416565,-1.0480895812449977,-0.839790544863174,0.3712770302428053,0.8375471858197813,-1.3393475221239537,0.2638291685214154,1.7239956275321973,1.6547867776329643,0.9192193505516203,-0.6178382634714977,-0.0853996787302809,-0.8252922370485344,0.4356787072495314,-0.29593332648243487,-0.9222541282717297,0.30461715383298166,-1.1122918127860448,0.9685963839563796,0.6002621019657873,0.696781046677671,1.4278484502784572,-0.9105355089185057,0.64531566896088,0.18392336389192943,-0.43644035977860296,-0.743186783329189,-1.0534874199717033,0.0001503319467609457,0.7161499167949308,0.04960786061674485,2.1941615304261135,1.8534941785467127,1.5339814490716996,1.259911736638813,-0.6883686871170132,1.1762757710636726
y,-0.4586706762175739,-0.8082731674171001,2.0526432686937475,0.36239006457851175,0.911114127813022,1.0847937762016477,0.3891535959617242,-2.1572747325808153,1.2720945947804507,-1.3238260286445258,2.3691592379781947,0.4031525223365057,-0.2462436975671345,-0.9877251664758933,-1.0963557304841562,-1.0664907042876428,0.4698038719834923,0.786928284921073,-1.3582027813190265,0.28630413894364765,1.8924027833778891,1.739709063384912,1.2103301385276515,-0.7118348981955741,-0.16040821088743826,-0.9730556426446646,0.5664728140789479,-0.27398860492880445,-0.9645191441485259,0.4050017394630108,-0.9127644171955295,1.0171082542502428,0.5906483025166477,0.6522239991014626,1.6845241823316328,-0.8423198747815233,0.7015334415920729,0.07686755742823885,-0.6118440537185579,-0.7287873535904296,-1.0603495790388802,0.08293623250307132,0.6963945058820985,0.09064235141587243,2.462130572861296,2.098162580582904,1.841685669033426,1.4376450366496258,-0.6634029882641889,1.3206979073447176
r,-0.5165990634667008,0.9046920578642847,-0.12142527022841826,-0.9515138652610913,2.575101032538464,1.8910920070430353,-0.006406140439652404,-0.41617928577349034,0.47938462687506705,0.5030805976598717,-0.15537387190734064,-0.7494242260833562,-0.165052802443836,-1.6546372610751525,-0.9345852886635181,0.603336604671615,-0.25452220952349724,1.3882427794773886,-1.5022655235175548,0.1610041916246191,0.8971510375518,1.4128931275451797,-0.9694096905463957,-0.079571412055948,0.4349855852477669,0.053397555283811335,-0.4078146821114807,-0.5197051871361539,-0.8238603457854567,-0.3493991208436516,-2.7950887836396623,0.8356075214831846,0.8031858491577368,1.172509174712054,-0.09977953199986729,-1.6040445860393582,0.3848573279174407,0.9948014542842081,0.727690338434291,-1.0123812146512603,-1.2389404159693918,-0.5951658079282554,1.017835563147659,-0.23443249938619184,0.7561146398733657,0.5070842876377458,-0.3369597506335315,0.2625635200275596,-1.0213319006675605,0.3998418885513667
q,-0.4306318408104881,-1.0403961937919397,2.3045963101004223,0.5511367156983438,0.6151635388649676,0.9146651258228552,0.43434342769100104,-2.3377225308737244,1.3422086654744092,-1.5522061404852119,2.6623247878648724,0.5651822930599212,-0.2486081307773983,-0.8432491042508965,-1.0759046308405429,-1.2811960284223085,0.5626386206020861,0.6609683662870538,-1.2794363507940454,0.2938462191380218,1.9681651949408978,1.718132916053355,1.4981531712317437,-0.7803356013501725,-0.24609670367676983,-1.0918480977181406,0.6940635616517238,-0.22449363513389659,-0.9462699917395933,0.5051933378492831,-0.5828787899342296,1.003009533576501,0.5331454781650458,0.5444283137751414,1.8913124558779513,-0.689177601804227,0.7215110857521829,-0.06870697903025949,-0.7942037606064314,-0.6545245332878882,-0.9886005137230195,0.1846719053665608,0.6176068021393732,0.13729959967561395,2.624473223866797,2.2577966706636534,2.103111969218358,1.5601919507652842,-0.580326118665559,1.4086697884019528
:,-0.4891728355435603,1.9093092329979808,-1.5261910846685596,-1.6895480574907804,3.3366923030304494,2.1788543161851215,-0.2639772795916746,0.7736865069635807,-0.09897886455185158,1.632862614909428,-1.784774956357255,-1.4076103997252396,-0.09116658825118759,-1.8812250471129668,-0.7108445142277986,1.6178481102504398,-0.6954981821680678,1.6056373453610602,-1.4065770629295924,0.05881733629649425,0.1337077926935934,1.0209166772282512,-2.270748854998691,0.34347720247327673,0.7689436517485106,0.7171329364273135,-0.9926995940059016,-0.6145501942951606,-0.6278983131370464,-0.7980336127627865,-3.6715061300139524,0.6114833560275398,0.8405443631021408,1.3642301847790774,-1.25268476931533,-1.8989558637566222,0.1293823912212513,1.468718382666892,1.5107434225299199,-1.069724912957933,-1.1990732803061153,-0.9629125123487915,1.0992120492606825,-0.4171547714091788,-0.4537832880430231,-0.5962745735897246,-1.7174853811868513,-0.5381735259923235,-1.1261006178030133,-0.2521777485556617
q,-0.49029203101141566,-1.0679735510464476,2.4676131766400085,0.5401751832732302,0.7998585829776995,1.084365012968199,0.4659591661249404,-2.5322851476090222,1.4669353025320635,-1.6391915603434293,2.8498281709358593,0.5661962872655926,-0.2758393942238272,-0.9948910080735099,-1.2056807816301813,-1.3428100173491926,0.5902613931096206,0.7847728849947726,-1.4549265187745186,0.3241872684957646,2.161574440271937,1.9210670395058775,1.5559120141028537,-0.8420674804978817,-0.24065469152597865,-1.1693041818335397,0.7230578075790864,-0.26915264410168704,-1.0605114618166482,0.5234517967423955,-0.7771090658921633,1.1220624086011128,0.6158664201638566,0.6479761736220027,2.025088454505723,-0.8267423578586713,0.7954435623336398,-0.01990050258743625,-0.8132478132457598,-0.7575042218307656,-1.1284311000313916,0.16603695292428758,0.7181650978999059,0.134710135558655,2.858542786823524,2.4513996378323655,2.2396320529189833,1.6892200493875442,-0.6783302981019321,1.5339804260876069
x,0.24590154774919099,0.38302422752105886,-1.033017644230142,-0.15659939496031214,-0.531394016726375,-0.6001273129125465,-0.19630675441242632,1.1007463815493188,-0.6555692259378296,0.6544587139443189,-1.1918861775865517,-0.1827815025356832,0.1289034262419743,0.5445636783398751,0.57945462357189,0.5217510010528972,-0.23015048162008975,-0.4357976612856567,0.7273953465841858,-0.14901780007802384,-0.9803426007008736,-0.9175414840069865,-0.5842297686816258,0.36161202288013505,0.06893440647401179,0.4898174764606663,-0.2747101711976515,0.15274134775519257,0.5098212799273484,-0.19480218726233395,0.5383243849669394,-0.536699192397007,-0.3204802526461498,-0.36180601330372203,-0.8477536266164595,0.4697460858387726,-0.36487204049210153,-0.06638226752095604,0.2887525798874692,0.3960249069187423,0.5697104999496477,-0.025379152736403055,-0.3798208751630091,-0.03926799384040073,-1.2640901854173199,-1.0734200604617856,-0.9205310886231031,-0.7331465544001486,0.36326030614078847,-0.6779045304183131
%,0.6904804965144729,-1.5327518859032299,0.5960579230208355,1.5141582087869394,-3.717961254706727,-2.6469205781713057,0.08783617961506301,0.19732451822867614,-0.4707920388233754,-1.027880691678992,0.7110330391311225,1.2162069643524125,0.20059078276182213,2.3082161876263885,1.1956360423509842,-1.1280872088831915,0.47988700846602694,-1.9449835388235324,2.0030138240384305,-0.18641466204720467,-0.979103418139159,-1.7910316795483117,1.7115118279406993,-0.02237912424686573,-0.6911432225755512,-0.27625330518217345,0.7315105400797604,0.7322651251085134,1.054373810674933,0.610600627892669,4.0508781336974415,-1.0616104922135197,-1.0981185390601578,-1.6452248048157245,0.48935923301974654,2.2607694992505096,-0.4421511875054149,-1.4915409476104522,-1.2251831983038401,1.3872832173129477,1.663917179182326,0.9182377216307077,-1.4020493663892448,0.37332843455872733,-0.6510681684527095,-0.34690003600454045,0.8802053464612521,-0.10910262213270577,1.413969621822947,-0.3405385336253462
"""",0.1484712500533966,0.32599326876250334,-0.7507163612518055,-0.16551514729864625,-0.24000689537796224,-0.32741560350430404,-0.14173664161290608,0.7697021068442034,-0.44557939693009213,0.49922592797285276,-0.8670160599252411,-0.17317228285566835,0.08369032490145378,0.3005021155512843,0.36553473442464895,0.4092048131476153,-0.17986126736026076,-0.23693106738346123,0.44062302929078656,-0.09840121696207575,-0.6563318551587042,-0.5825205775067231,-0.47448956462924397,0.2560260496771553,0.0737531499157961,0.35572948174823366,-0.22044867008534583,0.081204426248169,0.32152043090908855,-0.1596610511308181,0.23280690216493719,-0.3402271031510025,-0.1863013159839892,-0.1955972575260584,-0.6160882339689155,0.24942166191205203,-0.24145558188929273,0.007320963680829403,0.24828901291714447,0.2291159494736534,0.3416501671884509,-0.05126120250910892,-0.21714341240667304,-0.041272906979924,-0.8685050009255002,-0.7449837013398314,-0.6816471894708281,-0.513466990198583,0.20502260367069675,-0.46607355934979516
D,0.19921395683712062,0.8636040070191923,-1.578659928908414,-0.5413517128171281,0.041672250987581025,-0.2821570665229841,-0.29460099597176376,1.505569621316867,-0.821728001911783,1.1380861915002929,-1.8263873772819417,-0.5149529391953759,0.13866027550566049,0.27589642590529245,0.5609621102546196,0.9727829417687925,-0.4253457808393782,-0.2000471720460173,0.5976648952464,-0.16994429096444075,-1.17046419550776,-0.9099408704955699,-1.1843797312648052,0.5131014172011172,0.24352289562785737,0.7471879250814452,-0.541365666110908,0.05938544502123019,0.4930380953922799,-0.40338195669268306,-0.10255251023558468,-0.529287908863865,-0.21758280914328226,-0.15961874166466958,-1.2955814295719026,0.1807829353814978,-0.4191417047397277,0.22308628708652814,0.6658312036425519,0.2624418139411377,0.4479255036559543,-0.23046738654702692,-0.2365297908655104,-0.1343985616399,-1.6389438522135529,-1.4354242459340991,-1.4808036831216482,-1.007512781037535,0.21072025845836614,-0.8807581534264056
i,0.40790469908393107,-1.7216869541359339,1.4463562203070641,1.5059257649359314,-2.8929340760450497,-1.8646546525771936,0.25187002501172917,-0.7889009890253754,0.15059746887762673,-1.5039503359461435,1.6898545306456354,1.25967766039166,0.06800417370994369,1.6073959239211435,0.5713149914986531,-1.4778959068922521,0.6358989475744095,-1.3747200306251892,1.1709357416806012,-0.037519021860740596,-0.023379383076736558,-0.8122901235183172,2.0600279950347575,-0.3379703425768439,-0.6851483548098518,-0.6800462170549855,0.9024418335470871,0.5275242542861192,0.5048448416403244,0.7229625698566192,3.187696520032423,-0.4877670394219448,-0.7107493166574924,-1.168848525371867,1.1871436169690373,1.630260884223974,-0.07895435777705297,-1.2895540176844862,-1.3609056014145837,0.9056825096120613,1.0030559308200835,0.8520985573275143,-0.9332648636791844,0.3718760438002931,0.5223888501620594,0.629720277109507,1.604294731560488,0.5456177206229006,0.9585887126989062,0.28793157905995603
6,0.277898275912662,-1.6352682717220062,1.6051688760246667,1.3722848288255451,-2.365431784999197,-1.4408328880669736,0.2848669310676802,-1.0503389107733632,0.34543386704023454,-1.5325352107132229,1.8705093621173743,1.164739746719449,0.017728352152747547,1.2331864164214212,0.31275325587103675,-1.4664966364607068,0.6328340690542106,-1.064419429270569,0.7907401313651403,0.015564434248217148,0.29845098047469254,-0.4141902808528179,1.997600714386908,-0.41419708804414435,-0.6235933076673317,-0.7560552268418925,0.8812028289780615,0.4131658334788026,0.2770867580623037,0.6977247437461714,2.6218082067035957,-0.2533572987896888,-0.5193560963891293,-0.907857023375081,1.317452267732736,1.2775913298670234,0.049438531004396574,-1.109885939300493,-1.2880382338821907,0.6658156910679572,0.6947429503503643,0.7559080702195181,-0.6952892263567281,0.33906876622900595,0.8696406766304257,0.9017792244023922,1.7071490646369665,0.7172742264243996,0.722897100905814,0.4732009682064838
H,0.14911749659807452,0.3237876617262339,-0.7491247980462572,-0.1635203897402461,-0.24414466720955333,-0.33017727675064246,-0.1414655166110399,0.7690314168955249,-0.4456150289661845,0.49741678523921556,-0.8651510253065391,-0.17152273517965894,0.08383036336000031,0.30289277818039834,0.36652623216832164,0.4073824184677583,-0.17907921759707512,-0.23896467366518628,0.44248605407544456,-0.09850710025385176,-0.656723912813557,-0.5839646986094681,-0.47189678867956414,0.2556983222523641,0.07284474866935006,0.3549826739537656,-0.21931974428918968,0.08197946309237435,0.32239575770184586,-0.15874736232547484,0.23734892640294733,-0.3410890315347198,-0.18738768467052838,-0.19732311356998983,-0.6147818596306183,0.25181599584238495,-0.24169724261551018,0.005539152760800373,0.24654044622301072,0.23049573212798616,0.3432264668837118,-0.050109276370271655,-0.2185548309892203,-0.040780537294048076,-0.8682575326804288,-0.7445199047252458,-0.6797990559919443,-0.5129927868788432,0.20646244926328308,-0.4659302370910465
+,-0.18374736594804633,2.183467391964326,-2.5390173143560584,-1.7330468194883546,2.504641384777531,1.3591248711078183,-0.4584127117390545,1.9172553180763607,-0.8073547211100371,2.2242737454742825,-2.9515631676499856,-1.5009745462180284,0.056468527389053544,-1.1446281227683026,-0.024469531775265004,2.065482843764277,-0.8943250407522434,1.008603652963395,-0.506156682381957,-0.10834037197275581,-0.9468618593029906,-0.058029461349549116,-2.7373368074703786,0.7124174596900289,0.7861890750924436,1.1978690813505886,-1.21775532174496,-0.40138907877445074,-0.023818473514573796,-0.9505244256273576,-2.8066214396774445,-0.020706940637295924,0.42716739892152994,0.8662086666110862,-2.0838527149722585,-1.2427175619647213,-0.27880122451278083,1.2853981305640365,1.712039322378696,-0.5565626398580292,-0.4864949281701532,-0.9179604676721114,0.6015184777103457,-0.42855331271944136,-1.7998554396834987,-1.7233926722946327,-2.5930468260849078,-1.2981163815583079,-0.6444611634727128,-0.9733816043616655
+,0.3232664129965255,0.36105375881506274,-1.1670142965960124,-0.09913750177502863,-0.820165672100108,-0.841475462601858,-0.22315978797347433,1.2890016186472149,-0.7869854712289335,0.7038309542777496,-1.3452171317184887,-0.14581660115292008,0.16064414869331184,0.7584514317513812,0.7381932829582621,0.5442526308179243,-0.24104446810650815,-0.6123071953917384,0.9540898866162393,-0.18322724861375786,-1.1918894518976688,-1.1633142945447859,-0.5849354706461106,0.4186932729408127,0.0422952136599305,0.5537017775677996,-0.27904371193436517,0.21736821977186213,0.6496163169801492,-0.19285664260696705,0.8463990175961842,-0.681223133317152,-0.43213686540404816,-0.5100113567840495,-0.9577080605704691,0.6689790174058419,-0.44785386691150103,-0.1585606451654574,0.26838336260855217,0.535657405827083,0.7524579306579369,0.020687604763337822,-0.5176473535645019,-0.02520622655459849,-1.5034675305158824,-1.2654399573244643,-1.0208696770571746,-0.8573135336546955,0.49906782168649666,-0.8058068648702175
R,-0.4869008465603557,-1.0554265658284616,2.4436276382135502,0.532573429785263,0.7987297958410822,1.0787676235420527,0.46147197948186,-2.5090456670677272,1.4540785765040123,-1.622184603673608,2.8220889626847527,0.5588585710539227,-0.2736122646049728,-0.9895510592575902,-1.1964879246121578,-1.3283920064898007,0.5839508100538902,0.7807718566354414,-1.4447851770891036,0.32148594697324834,2.1431145765161665,1.906225871156968,1.538518722156038,-0.834190069778077,-0.23723986559197485,-1.1579489114467802,0.7150833671735255,-0.26789119924096516,-1.0524300495239745,0.5175410784569898,-0.7767577695933351,1.1134202730729983,0.611998845510535,0.644739322748993,2.005403987023275,-0.8228871976314447,0.7887895461808848,-0.017180774633400453,-0.8035948723480162,-0.7528093989998303,-1.1207531273008204,0.16293091051342778,0.7138616009279181,0.1328216583092251,2.8330369617966045,2.4291673381110517,2.2172861172968426,1.6736793312873872,-0.6744179057677956,1.520278201291732
2,0.1818985487012643,0.4882190257589554,-1.0388241631069413,-0.26932375925903024,-0.2182369950694358,-0.3683750220005067,-0.195412248455316,1.0415409365746588,-0.5925576915874918,0.7092169544137985,-1.200416521808845,-0.2710612583644277,0.10802826986912432,0.34162387852334436,0.462526321640175,0.58964993157616,-0.2587091007290178,-0.26570951992026126,0.541170897007124,-0.12845758680758915,-0.8645064589306023,-0.7404192094416173,-0.6954779166353156,0.34901223104525547,0.12048895513974538,0.49206996181117685,-0.3212654128508276,0.08915493881667469,0.4067543722871153,-0.2350322901716833,0.1987404761490408,-0.43199663648522735,-0.22149480672010963,-0.21820273459719802,-0.8525344890492959,0.273503999948482,-0.31565242326439524,0.053418886549416254,0.37352988430660455,0.27132513446904777,0.4163840602391206,-0.096502076907961,-0.25460455145041083,-0.06703504351870194,-1.1627561425000994,-1.0035499526902754,-0.9531245842297051,-0.6954667206957835,0.23776514174349436,-0.624238018589896
h,-0.47664936829300086,-1.0578951599519508,2.4252785229838136,0.5398559899263096,0.7608429526448353,1.0469502512856423,0.45780527241597535,-2.4836092201389004,1.4364323295370551,-1.6151560350121548,2.8010826696357416,0.5634632025079692,-0.2693789723125625,-0.9613414093948376,-1.175380527413863,-1.3249702505318628,0.5823161401831701,0.7575053133618798,-1.4147395934454705,0.31691353651213916,2.114781862934754,1.8735256662025055,1.5378563116630597,-0.8264502072561042,-0.24061962489918712,-1.14920340353617,0.714254069214449,-0.2593790978400018,-1.0338420472576622,0.5176024127288366,-0.7363663234392024,1.0941940714761655,0.597237072330401,0.6252077034816123,1.9903470615921282,-0.7966470344343147,0.7776949312672135,-0.029173656881539844,-0.8059484143132977,-0.7343536667240532,-1.0965484912630106,0.16886719581931559,0.6956554095156194,0.1346028829337178,2.800825582116312,2.4032704515039782,2.2034023529558646,1.6568953152547623,-0.6564891587342251,1.5030648255712804
S,-0.16594715134635393,-1.1908975322536142,1.9471562771483804,0.8041625044829019,-0.4370859199924728,0.06117283930056376,0.36093037667153244,-1.7772278349091857,0.9321709278518859,-1.4660578588105826,2.2549427042442693,0.7416003875397373,-0.14467582477152433,-0.08898223598316835,-0.5452812095101411,-1.2791102275148494,0.5578939421517107,0.03625189537078324,-0.5049975270377042,0.1835085547531651,1.295638779984126,0.8999665432185306,1.5925550224749054,-0.615020267876615,-0.36278920075066307,-0.920988263309985,0.7226453884238336,0.00537356141484875,-0.478890130171543,0.5452845106695146,0.5444646179347893,0.5214217475970391,0.14541474845306063,0.01920466571077205,1.598019752593012,0.01964891249642116,0.45443067649536795,-0.42176898909443344,-0.9226976154407638,-0.1688561348235441,-0.36152135493646415,0.370857749946656,0.1363765758375748,0.1993760607356498,1.8892189795632612,1.6778856890254816,1.8599087737416102,1.1916942015877061,-0.10431587612291338,1.016227597900002
d,-0.09338144839306556,2.0717910635652923,-2.5802191411447195,-1.6014946568355053,2.09394005038188,1.0455012199268832,-0.468703953488746,2.0417258550946973,-0.9156757314427588,2.18744393548325,-2.996845761955152,-1.4007650751178808,0.0882218646618528,-0.869103990234882,0.14671695946893942,2.0062509047378083,-0.8699126453449599,0.7786459302375889,-0.2426683907127539,-0.14064724017822222,-1.1354684012899527,-0.3192041544420094,-2.6276208939281145,0.7448682321792512,0.7258978712408528,1.218022356588803,-1.1732559466079795,-0.31589727205868245,0.12703046619109173,-0.9100774593007679,-2.3630363154483547,-0.17482924977549966,0.2902101384829852,0.6723453155926057,-2.1176459585266256,-0.9789476087333651,-0.35652223719870335,1.13468915446634,1.6211055928000655,-0.3843876540340717,-0.27092005469452024,-0.8315211186583239,0.4294655865312338,-0.39618092421612144,-1.9838768838609977,-1.8597235092278332,-2.5959801051481675,-1.3788587554416487,-0.4728399290248705,-1.0712345535892482
g,-0.24129005105018034,-1.12603265565738,2.0193754618592643,0.7156395687903014,-0.11876639263817897,0.3122421604205846,0.37643126020732137,-1.9123403411532833,1.0373202465856506,-1.466382952900339,2.336640236608716,0.6767790818443025,-0.17289773947614462,-0.3102642887469115,-0.6926808004431537,-1.2578072388005317,0.5497352999947805,0.22016897138993236,-0.7251093473720216,0.2129571355751276,1.472097547046613,1.126226996048437,1.5373787752876793,-0.653314509557661,-0.3221019494703573,-0.9556771870751278,0.7018190355881232,-0.06262020601485445,-0.608745564739603,0.5240976477709677,0.20212262664902228,0.6547453044807832,0.2574567155889213,0.17402415669273602,1.6572730019816357,-0.19007180231501458,0.5255377410653639,-0.31024860827415507,-0.868929580545722,-0.30942673008905763,-0.5405624661895783,0.30950422733259564,0.27619273312218445,0.17762241351931998,2.0740355257126457,1.8204360240689461,1.8998780289837613,1.2801255538269993,-0.2431394743032774,1.1147388608073865
r,0.7354845154515607,-1.2620083447981192,0.1380092714284779,1.3351933793979238,-3.643990572663416,-2.682766954811924,0.002748671471195712,0.6213665630666092,-0.6961620413907471,-0.6876667382865908,0.18074784095170485,1.0497151429066314,0.2365953496427744,2.347946692899633,1.3348752511525523,-0.8331179859037645,0.3511361794507874,-1.969256142776913,2.139176124391589,-0.23153581007346855,-1.2949625552317936,-2.0193733361379396,1.3467316458480487,0.12363338032102617,-0.610469951329768,-0.05955451631874293,0.5656230172437593,0.7368818938279975,1.176694573959271,0.4858992369418525,3.954062815756294,-1.1940994301944292,-1.1415230529616855,-1.6630324261635272,0.11344281998131876,2.2742960671843178,-0.5537299975238663,-1.4032904497926046,-1.0157161336620455,1.4385873562309728,1.763245225321966,0.8374744350377286,-1.4457518460675984,0.32894095580665417,-1.1053831644315943,-0.748532028389743,0.4451828900418991,-0.3932510065392752,1.4501470997710604,-0.5848406984612395
c,0.17855603161019756,0.4643769263184194,-0.9997988573247738,-0.25323491334267034,-0.22691704211848526,-0.3670893967803284,-0.18817790143574392,1.0059047993976853,-0.5738580279890628,0.6798468667070952,-1.1552229612573817,-0.25622006307463174,0.10512317339248385,0.33978827261212097,0.4515672257750277,0.5640302058837772,-0.24753458543984572,-0.264939226675035,0.5310014028824891,-0.12477424794759197,-0.8385082483413344,-0.722335701078821,-0.6635869627855474,0.3366821603887572,0.11323082651043506,0.4736111990939324,-0.30679341257205023,0.08924630489550392,0.3971295120723104,-0.22411350389144938,0.20956592200557697,-0.4215188960631627,-0.2185548326112418,-0.2177809227453146,-0.8205066531350644,0.2738474057551058,-0.30653163715015513,0.04499616102550782,0.35505806264149375,0.26790871902621005,0.4090987067923661,-0.08908725791229319,-0.2518389901710815,-0.06304608850413036,-1.1248645467081726,-0.9699021874293898,-0.915854859535168,-0.6715719475454602,0.23564210051378814,-0.6038560103998026
@,-0.5005577902645822,0.5732366283984349,0.28904353259897025,-0.6947149173985383,2.2362570831977973,1.7205061871969922,0.06812041834332798,-0.7397969877770082,0.6238433373935011,0.1541692016071607,0.321406317089939,-0.525003943401422,-0.17869564444704944,-1.5126414595469686,-0.9557456710067266,0.2829980662587713,-0.11563946354887597,1.2612442233619323,-1.4602094525704101,0.18299067709247221,1.075583828808321,1.4603670833141802,-0.5494419505485458,-0.19780184268113163,0.3185796221726887,-0.14035991951992324,-0.22035333829793927,-0.46828249921058357,-0.8421474436618966,-0.20391155166503377,-2.4129562077021096,0.8614661840192612,0.7551904193192488,1.0629091253858813,0.23710206159603345,-1.444703643176467,0.4406440430492943,0.8121122076938316,0.46829196878619084,-0.9489296728146766,-1.1930027282968392,-0.461597641560767,0.9472051753845526,-0.1709072771920954,1.069748827470912,0.8015578872193112,0.0765136504975246,0.4811582676576674,-0.9437980267164374,0.5692145631812296
I,0.6806801996201298,-1.5632339337581707,0.6576284899314778,1.5317984767680592,-3.709768414999444,-2.6286139128257684,0.09938819408666079,0.13657377690279063,-0.436671856356803,-1.0706817713989927,0.7822085623071094,1.2335813523775117,0.19451198511955692,2.291058195435995,1.1700250505792098,-1.1640099038687228,0.49562951870787775,-1.931823027547956,1.9737934792522684,-0.1791220013408586,-0.9296846903496212,-1.7498814956718438,1.7543518348820395,-0.04284542106465585,-0.6990520129358525,-0.30541052461315965,0.7512269111229246,0.7279475907095689,1.0318546105932926,0.6251178707863602,4.044237812901007,-1.0376219960269568,-1.0865023942471794,-1.6344765020129342,0.5398887434891502,2.2475421675349505,-0.42421165749114054,-1.4965095931557018,-1.2485693794615207,1.3731057222725276,1.6415861420278686,0.9250220072553076,-1.3888692733588377,0.37771474362264934,-0.5837787381102163,-0.28855865960445837,0.9371078149543857,-0.06850965668639855,1.4017903780348913,-0.30440238852889623
9,-0.45541888058306995,-0.3952217028169627,1.4920232165926222,0.05469197115943423,1.2522525264870819,1.2273013814883809,0.28659607302554546,-1.6901123774252573,1.0491266480978025,-0.8669374019693752,1.7186753388001537,0.13021412759972698,-0.21929840724776406,-1.1023919910858428,-1.021205963301754,-0.6539707572619684,0.29060911695130304,0.8939887951439389,-1.3424083021051458,0.24804075114227936,1.6020028400565454,1.6047254328773932,0.6782823763696764,-0.5447245442351315,-0.021110172803056864,-0.7082281597148273,0.32775814295945327,-0.3194227122120282,-0.898778375182407,0.22135387907048082,-1.3028422227643583,0.9403386549853255,0.6174166367761953,0.7458733026150207,1.224415897684325,-0.9834159621179628,0.6056101667907293,0.28014075612065764,-0.2895554350921917,-0.766607116143269,-1.0628572645431535,-0.07217765220534662,0.7438554410325758,0.014479499406509168,1.992038823215569,1.6667605776925523,1.2875131940565574,1.123001925619249,-0.7202212536762774,1.0672501310576799
0,-0.4544746509782508,-0.4449078419601318,1.5566391293535202,0.09241286742036348,1.206556000027371,1.2061330267311332,0.29837633735599256,-1.7426373729587867,1.0734799976187186,-0.9206278798032379,1.793685707253438,0.16343259914967248,-0.22196833181634967,-1.0850200463431479,-1.0274430539537447,-0.7028275294315345,0.31181275534242053,0.8781685929135351,-1.340389528129602,0.25201924890718314,1.6330257976528426,1.6166062135067845,0.7417830837588515,-0.5636901582716162,-0.038197578512663685,-0.7387415284783905,0.35617992005041416,-0.312886013227391,-0.9042185278152027,0.24331023193426118,-1.2509711418222977,0.9470139239859687,0.6122981863002805,0.7321415214218342,1.2774473478124104,-0.9631414326200598,0.6156317980397152,0.25428761280588397,-0.32837924011934605,-0.7596875958685109,-1.0594105571778227,-0.05286765013582669,0.7358161159994987,0.023813568887936235,2.0440330666457176,1.7149518674758026,1.3519391049212055,1.1584237891893994,-0.7110996747659296,1.0953025088091803
v,0.1813352170139995,0.3591987253153099,-0.8646652903706694,-0.17297175100862305,-0.3263735825338992,-0.41425246390542253,-0.16356599585273052,0.8968619758067751,-0.523747615630345,0.5669335808979808,-0.9983285715510095,-0.1856755539242844,0.09980522262530449,0.3786534269102238,0.440002108295579,0.46105496353911657,-0.20285519715679518,-0.30014744510802077,0.5375649052006908,-0.11671714739734798,-0.7751218489412383,-0.6997317274363896,-0.529457297724395,0.29719872765814087,0.07686577662454086,0.4098036618544881,-0.2468001283441509,0.10370965286283856,0.38705569641305454,-0.177713889064558,0.32226115841207614,-0.4088840208924134,-0.2304992889484728,-0.2482905708683946,-0.709599893612189,0.31869525785268177,-0.2862038624877817,-0.010550037846408802,0.2728413414868071,0.2839414246675424,0.4182328224619824,-0.04783023586612911,-0.270218818390739,-0.04318649187740201,-1.0174613411024762,-0.8700519232009718,-0.7807812901595045,-0.5980072460582803,0.25628757041905903,-0.545896253828025
D,-0.28942799126832003,2.235966623112356,-2.386124974294722,-1.8283855771399515,2.918294572341879,1.6970993252570308,-0.42724110191418374,1.685045003118804,-0.639651535096208,2.1815370190354355,-2.7770974611475467,-1.5663793762762828,0.014501833216102539,-1.4435165622700963,-0.2375872188496355,2.057102650395674,-0.8891529791795438,1.255934814217469,-0.815481688249706,-0.06361056407008961,-0.673180052682132,0.27092560876234517,-2.765272541770374,0.6433915735831073,0.8302059118835518,1.1248427620416093,-1.224793004579404,-0.49228514982815014,-0.21152697206234072,-0.9631624122975873,-3.249345056515565,0.17287295463888364,0.5813996657938165,1.0740830892547693,-1.9583971129443132,-1.5229896756508203,-0.1704689917622843,1.4225665108167254,1.7574172601029423,-0.7496742455166494,-0.7366819082408497,-0.9894189019321178,0.7926826482947096,-0.4519310707284959,-1.497854584942186,-1.4840886898188137,-2.485858106919915,-1.1453121465670981,-0.8333711143536681,-0.81214214663564
n,0.5905705184190646,-1.710788241572693,1.0458217695509127,1.5945747398113617,-3.52118246601022,-2.4113532586633126,0.17308729324234445,-0.27477412368414345,-0.1926609682591858,-1.3184121449002209,1.2301666750328817,1.3053327086927902,0.14683059300410198,2.0936545731924046,0.9564957043967458,-1.3623583720378654,0.5830744458170777,-1.7741167561221252,1.707133308571456,-0.12387482381234685,-0.5655481533138483,-1.4114849550264281,1.9776892073414878,-0.1782201032481727,-0.726753786077896,-0.4894593495886765,0.8560400545471346,0.6728131572112598,0.843991861073953,0.6996963451701029,3.8539771246289356,-0.8397216683434817,-0.9696105587624825,-1.5036303648514369,0.8584630022183265,2.07800390435954,-0.28889879654134026,-1.4757851223379368,-1.3599992102767517,1.2287433970065829,1.4329950336160109,0.9370522626188451,-1.2506111361589571,0.3934386403860618,-0.11256055511752505,0.11215120599733888,1.2839933353561017,0.20552812570006435,1.2697619907057718,-0.05167438427367998
5,-0.4559217664905357,-0.7412147795110883,1.9569349675002454,0.3136127918079015,0.9587457309721906,1.1012336811663075,0.37157808008875837,-2.0753273855828605,1.2317920450213773,-1.2475404102486602,2.2581709288971075,0.3594842890149923,-0.24091893231775707,-1.000389310197373,-1.079493870669996,-0.9982455636844552,0.44012676315271954,0.7994166216077253,-1.3491210905672193,0.2790539367362869,1.8387547430051696,1.710549092432586,1.1231220159704343,-0.6828151056553187,-0.13834416628862212,-0.9278278503027547,0.5272299543484419,-0.2795828333660996,-0.9497417777915365,0.3749626639313262,-0.9678629228987145,1.0003881135487425,0.5918366126288,0.6633253520567927,1.6059756416167514,-0.8597348145157446,0.6834373486956212,0.10753806396062361,-0.5596133191466945,-0.7309853489534682,-1.0555259227274127,0.05883688915575766,0.7002241541455386,0.07856415076385807,2.37823884331341,2.021967531484899,1.747998045100151,1.3825271109023225,-0.6688238750183627,1.2755012088344695
{,-0.22320342017109304,-1.140609899250226,2.000706035459015,0.7361455058213844,-0.19433308870091157,0.2523376338044664,0.37246659991113895,-1.8788027908738818,1.011556221312661,-1.465212789161418,2.3154816269151914,0.6916807995801579,-0.16606135725260945,-0.25744079604352244,-0.6571319855213978,-1.261932887761995,0.551264650962901,0.17629318569557842,-0.672254799658782,0.20579935444773187,1.4290613174857687,1.0716121449193237,1.549346738751726,-0.6437261750439814,-0.331532052147406,-0.9467203792959479,0.7062457814044232,-0.0464134112962356,-0.5774290381960987,0.5287425323904397,0.28333663204338166,0.6225702233030022,0.23063574399429645,0.1370984051387439,1.6419550737704462,-0.14008568018286094,0.5082459935052748,-0.3365225020882877,-0.8810610499034687,-0.27578660718503745,-0.4976067643008183,0.3238554855161857,0.24275668736319272,0.1826602348903723,2.0285642715725847,1.7851992165800066,1.8889625263791878,1.2581539353995959,-0.20996396538988923,1.0904948063976132
M,0.4681057142825044,-1.741367199290348,1.3455517776071484,1.5525751437018773,-3.1198452107416212,-2.053411158504496,0.23160761910329228,-0.6452779438783113,0.04969398893791896,-1.4683705874383772,1.5745610770344547,1.2901550758113058,0.09254316404204674,1.7746032955404807,0.6944091049843283,-1.4629554642815292,0.62853754123857,-1.5127844747825576,1.3472976525304412,-0.06390903641356448,-0.18623613237523454,-1.0027586987375239,2.062799743183358,-0.2945810391021885,-0.7067539812903132,-0.6319713301509219,0.9005586473107601,0.5781138329646894,0.6132518480671949,0.7256233343962313,3.4299386999163235,-0.5997862127422907,-0.7978306379049044,-1.2847970904132868,1.104426393144932,1.7862258203317383,-0.1429491915720981,-1.3625751073228514,-1.3787728754359496,1.0146094257761429,1.1453233697349752,0.8889254495903242,-1.0408461424874726,0.3832972273685585,0.3389903098857182,0.4829435783064852,1.5296496980848042,0.4509293577759713,1.0646568266859942,0.18995360687524462
V,0.7269426333968187,-1.3487123750274883,0.2722941216621797,1.3956171371185668,-3.688168371987628,-2.6889859497513275,0.027551397136490782,0.5017036876508386,-0.6348360537522797,-0.7910403671803928,0.33634033342764774,1.1047326448412145,0.22757669961944602,2.350954907811611,1.3026054521010035,-0.924215305449159,0.39082146417532865,-1.9744153851485218,2.1127976009527143,-0.21983011444894532,-1.2109961962593359,-1.9653993134421455,1.4613543394070552,0.08186831942586345,-0.6377609848121674,-0.12304787266527013,0.6174581112203398,0.7401133366427285,1.1483706950821688,0.5252418611466019,4.00682082239356,-1.1629216922667618,-1.1359687390140498,-1.6681731381423284,0.22365030702572092,2.2844799900252477,-0.5246663835456877,-1.4377123867389954,-1.083041008902679,1.4325767839023742,1.7452617149957552,0.8662014653480536,-1.4420001010282975,0.3439136894402438,-0.9799078068929515,-0.636186854011975,0.5746679539947717,-0.3129219267046677,1.4486146540846467,-0.5173085029110089
k,0.7316526474588769,-1.306191547819693,0.20533837127421894,1.366260620345384,-3.6683212616234155,-2.687506707367157,0.015170734258580482,0.5618197761720182,-0.6658737867083521,-0.7398495412419342,0.2587730094036069,1.0779021363836652,0.23222245596538443,2.350875724533139,1.3195243844523739,-0.879241341465255,0.3712220303998707,-1.9730328911763324,2.1272627407530442,-0.225814265892496,-1.2536995516825176,-1.9935684368139959,1.4049469400180903,0.10279370698485181,-0.6245062945875206,-0.09138600561851286,0.591923054124848,0.7389465702290392,1.1632238542807767,0.5058951472905262,3.9828780652121947,-1.1792101363950978,-1.1394332796205728,-1.6666143548922527,0.1686998756047518,2.280773834942814,-0.5395113897745092,-1.421378085441543,-1.0500456590091243,1.4364490941352634,1.755308015210677,0.8523674202475552,-1.444749072073326,0.336638117837142,-1.0432189403168564,-0.6927267571582918,0.5102945290082362,-0.3532630889668532,1.4502583417009258,-0.5513771275980129
.,-0.33783345069792814,-1.063075769978098,2.1389434611398825,0.6173096147421335,0.2719199131309948,0.6265251051186435,0.40123335854832565,-2.107836667497737,1.1826464902437668,-1.4889484257912897,2.4726903584717044,0.6070853707174093,-0.21030816435493074,-0.5877902435879878,-0.8848914810888994,-1.2505530680603854,0.5479852073180861,0.4502628657532485,-1.0074628861770052,0.2524855196221839,1.711918621228089,1.4222246376672356,1.492585341524431,-0.7104054927592429,-0.27680402711615987,-1.0128931523836004,0.6867486868186237,-0.14740164914288761,-0.7780559626535571,0.5058965071414897,-0.21692294262300138,0.8290271206593913,0.3994936784176396,0.36754383547591934,1.755381024693878,-0.45152613265005176,0.6211548967078513,-0.17743571742580458,-0.8157687156182845,-0.48742444517095074,-0.7694872000277397,0.2385347973820779,0.45275790380957115,0.15348540475242908,2.333259970289361,2.0237138914702775,1.9778762984954539,1.4085089312825658,-0.41798123399989995,1.2530507131933475
#,0.15048697109906772,0.3321111250769665,-0.7631768248107184,-0.16902976607693027,-0.2418214342388404,-0.3312368419940582,-0.14407549208381196,0.7820290271466098,-0.452517551340729,0.5078625946466809,-0.8814194389437151,-0.17664526703127909,0.08493122567670629,0.3040764717655625,0.3707773027577584,0.41644257916377425,-0.18303369192704255,-0.23967986080178527,0.4466307619594023,-0.09988767570726134,-0.666393135316611,-0.5909386579615941,-0.48310595034489967,0.26017519970601105,0.07532837816695108,0.36163047877283,-0.22441652781541394,0.08211009710663104,0.3261302364772295,-0.16257963387853294,0.2343203480517656,-0.34513514484601493,-0.1887020472469655,-0.19784455918749116,-0.6263142344257749,0.25219701938080114,-0.2451115091020784,0.008267014579196968,0.25298067408959307,0.23204797823890935,0.3462469389298619,-0.052599049032300754,-0.21987380061001804,-0.042146958903481045,-0.8821765100821797,-0.7568282248820795,-0.6931493644831641,-0.521702762896563,0.2075505350086964,-0.47341513432208887
t,0.725554693635217,-0.7574118551242529,-0.5174897645434826,0.9519315768325561,-3.1787227792090675,-2.4667612774874312,-0.11674602380777802,1.1538576627233315,-0.9428576100262795,-0.14272703116664728,-0.5802080481966617,0.7122604196179201,0.2635645544084093,2.170610234075191,1.397502443049066,-0.3371394685273127,0.1358885342469582,-1.807841063062593,2.117674822040396,-0.2717809784087727,-1.6090248558879128,-2.138919821072771,0.7019662192099272,0.31595234691431096,-0.4368512874561505,0.2499870383867899,0.277055362925827,0.6702240625923328,1.2313137131133938,0.26295191692053965,3.4260148857369153,-1.2612386703098104,-1.0890575941167626,-1.5229478533487653,-0.424537197574342,2.067552423366541,-0.655119624029231,-1.1403768780771024,-0.6214198546121968,1.3677105280727824,1.7274395708656423,0.6412021686201891,-1.3635128238514447,0.23410317615334347,-1.632258914783376,-1.2370032228346153,-0.20853587249974867,-0.7523652747593907,1.3569281070877839,-0.8691107233291813
|,0.6357458015999089,-0.24098578260181286,-1.0200851224009222,0.5174719993935142,-2.4245621133807473,-2.005566816799666,-0.2058554382521433,1.479933567311188,-1.0481645352399067,0.33931022237264113,-1.1659626098007185,0.3438369967577682,0.25708997284072566,1.77567751570775,1.2944367226841265,0.12481422882210647,-0.06342441239193394,-1.4671820197871523,1.8619475526192253,-0.2757393533651539,-1.6972839931466817,-2.001437817034258,0.07187953425207132,0.44501612726194245,-0.23940961879251296,0.4866945162046573,-0.0007833313082107174,0.5381016735587221,1.1400250287286244,0.04281342110691508,2.590448317451836,-1.1773035266577452,-0.9221318585641546,-1.2324604862853579,-0.8370461126582018,1.6590204477538346,-0.6684069204474343,-0.7877209551037204,-0.2145656141813357,1.153808989770554,1.5032147206418682,0.40148409599735874,-1.1403646158898275,0.12675922204540943,-1.8999155256919948,-1.5161140437543945,-0.7442348085763175,-0.9751639381132906,1.1251276382609585,-1.0148171229908598
^,-0.32325884865515947,-1.070633592118434,2.1182835393471424,0.6306958395296767,0.21460127192625203,0.5797973507508444,0.3970122327662415,-2.076164422563879,1.1596850486586572,-1.4834034157139568,2.4491235267285587,0.6163160295290352,-0.2045401096324656,-0.5464751527318665,-0.8555525729874162,-1.2497130594093184,0.5474090282461357,0.4160651703533427,-0.9648081339601973,0.24634500151294716,1.674390624016855,1.3769534834483925,1.4968461192982618,-0.701012360604654,-0.2829821814483171,-1.0030230528935349,0.6879022444730936,-0.1348290748793569,-0.7522146738528779,0.5077803732977285,-0.1555569832639782,0.8023844048921963,0.3781990994664244,0.3387988890616957,1.7384286245767513,-0.41275865084619245,0.6062855140020622,-0.19651175447467126,-0.822274751749692,-0.4607585682375807,-0.7349756549737867,0.24851022971735082,0.4263532635783215,0.15676835066026354,2.2919633873413283,1.9910357931381253,1.9635155832236348,1.3876727881756115,-0.39188036428321055,1.231004190197427
<,0.14711186147861682,0.3204526504492424,-0.7404164136083138,-0.16208508628502688,-0.23999051914276953,-0.32536028097089686,-0.13981269921770645,0.7598194097015192,-0.4401572273630146,0.4918470737297598,-0.8551014869293753,-0.1698920370516823,0.0827659425605277,0.2985141970726241,0.3617651564973941,0.4029171400670443,-0.17711096468108622,-0.2354685386962058,0.436550040645201,-0.09727290651973494,-0.6485845294283892,-0.5764174730242183,-0.4668605373074202,0.2526649835749769,0.07221094287769757,0.3508540065652401,-0.21695757836297008,0.0807582044370305,0.3182070183812959,-0.15706487461757498,0.23316360636533986,-0.33667554997966653,-0.1847898001278015,-0.19442303229606434,-0.6076352428911819,0.24806080082312432,-0.23867414740375134,0.005975017194044259,0.24402062696300195,0.22728791756149486,0.3385849566322411,-0.049822242048515146,-0.2154840552245901,-0.04042114247562915,-0.8577128543494894,-0.7355490826553227,-0.6720107051433465,-0.5068553704262325,0.2035314710961393,-0.46027465477456503
@,-0.2922409892365782,-1.089256741171791,2.077718006410141,0.6610861926779731,0.09044869982148983,0.47941466928780985,0.38865073872291384,-2.011575252084489,1.1121515746689643,-1.474391366682354,2.402917531437136,0.6376440233732071,-0.192421507420405,-0.4577895700189075,-0.7935330284146502,-1.2504491132263469,0.547278810156079,0.3425831978393858,-0.8740681537756397,0.23350248407503066,1.596249255016927,1.2813711923878797,1.5091762955591812,-0.6820317814094395,-0.296991651654596,-0.9836248332171306,0.6918199415913519,-0.10777669857189849,-0.6975859951776432,0.5129162714435971,-0.02248578411588714,0.7461165287458775,0.3326867752908491,0.2770110611139076,1.7051433467870198,-0.3293366361524848,0.5752071119667247,-0.23837985552053315,-0.8381025058610762,-0.4037399993607231,-0.6614652532941632,0.27070310679400617,0.3698320079285031,0.16422581385199989,2.206896361179811,1.9240856995976499,1.9363252428078188,1.345226422509827,-0.3359487382823747,1.1856056658404073
i,-0.4608313577892897,-1.0481003774578568,2.3787281646439267,0.5409021905786355,0.7139927935737973,1.0028724741249935,0.4488144515708914,-2.4292692226415475,1.402058670767375,-1.589365137127811,2.7475059396140034,0.5615479298832748,-0.26200539058059885,-0.9218775229867849,-1.1405615797219881,-1.3061655622928394,0.5739202946124374,0.7253670480501604,-1.3681734057749235,0.30864817685510365,2.0618137728654884,1.8189730257418955,1.5193513248740553,-0.8090949678811311,-0.24122025571575043,-1.127094724906202,0.7051359383771537,-0.24782723785595623,-1.0031935487712638,0.5116594282885164,-0.6872864489752297,1.0622049409966237,0.5754935557371356,0.5983526120738697,1.9521463005847268,-0.7610703243496938,0.7575384013022967,-0.040871477617361894,-0.7989609174219534,-0.7073121857861222,-1.0595356087456533,0.17286597546991367,0.6693132980577706,0.13482906431320363,2.736006224172692,2.3494003335638007,2.1639074093332646,1.6208294849217384,-0.6308798502301789,1.4683526212078621
>,-0.4669340074078958,-0.06422113747565053,1.0726017003733215,-0.19936736432230695,1.574910930809471,1.3840736352201874,0.21029502601952668,-1.3545596881421487,0.8965433497773523,-0.5142251153342783,1.231632654691003,-0.09259423530085256,-0.20374722944803486,-1.232122598609251,-0.9906213740427025,-0.3314901080372802,0.1507304581050424,1.010890517689025,-1.3711892875990264,0.22397900218932504,1.4106289863878383,1.5426227363424323,0.25720604426601856,-0.42282420334668686,0.09401899201282077,-0.5102073084830989,0.13956473912857917,-0.3671610729645462,-0.8721926246386897,0.07561154343700753,-1.6677597614701865,0.9058829537725577,0.6589428355617233,0.8470031324170509,0.8801877682004757,-1.1314008604380492,0.5447832522954354,0.4578527764020999,-0.030700468622631285,-0.8219772582304969,-1.0981239551637247,-0.2033657990692682,0.8065292775990116,-0.04837703404579742,1.6634772395561241,1.3602038014700928,0.8670663042130035,0.8965221755212238,-0.7899352955565762,0.8898970028380931
V,-0.45997874584013215,-0.23632755140649575,1.288638436436299,-0.06675418556318419,1.403763954442488,1.2996405894918717,0.24956507939560602,-1.5263729118079015,0.9740918000846581,-0.6967010608482399,1.4825285528536365,0.023536970243994728,-0.21141909047988366,-1.162074368603965,-1.0044927004933404,-0.4986117456134124,0.22320653087484715,0.947974299276785,-1.3533841439115937,0.2360376722983719,1.5073018834256207,1.5717560117290252,0.4757860118885203,-0.485383788264005,0.03391661448032504,-0.6121965662585157,0.23720482621971287,-0.3415625783072189,-0.8842274366730224,0.15129379708540058,-1.4744313486115181,0.921943458123669,0.6359749549555466,0.7926320439759535,1.0574939430246573,-1.0520616438579697,0.5753111738099491,0.3644343118826587,-0.1653344715449077,-0.7914692318304103,-1.0775072455866084,-0.13468141766894953,0.772252581641969,-0.015569313308049984,1.8310152964875415,1.5169171167410906,1.0840606147195226,1.0125233034395862,-0.7520294029866227,0.9803483515564271
s,-0.16560412543094877,2.165814454763859,-2.5536829691789524,-1.7102068421277075,2.4262523856467517,1.2979155203897894,-0.4616473779582899,1.9475363842258824,-0.8316078135609561,2.222118588459592,-2.9680739911311362,-1.4840170566180748,0.06313884731044228,-1.0907341963677541,0.01068932917211553,2.058331786094715,-0.8914826478455954,0.9637526126021282,-0.45318256852080074,-0.11525101402571274,-0.9879723038133598,-0.1119028588432042,-2.7214373063204715,0.720830210377997,0.7757016766360049,1.2049351861705135,-1.211568794114949,-0.3847791230510903,0.007157893005119226,-0.9445202033460327,-2.7222033075799295,-0.05246527889268138,0.40003219926907857,0.8284362838502525,-2.0958846757766545,-1.191480947811222,-0.29547051775635147,1.2575257952660583,1.6975046410637544,-0.5224974483675271,-0.44333020129902373,-0.9024147707311938,0.5675879896684679,-0.42293792722275875,-1.8421018473836333,-1.7556412184348364,-2.599971125763338,-1.317891955383636,-0.6107241583753077,-0.9958857919749863
=,0.10557440015901738,1.5659097015087062,-2.3223582473702504,-1.1170860920029995,0.9678279911631074,0.25912894847138207,-0.42765700922379757,2.0273258742972087,-1.0175915825576756,1.8207002319632062,-2.692038598739367,-1.0077355255635772,0.14204648925612104,-0.1848252646526477,0.4806038967708695,1.6173425941122004,-0.7039045883948694,0.2004534468988603,0.33351008361897694,-0.18864712215195115,-1.373909500852349,-0.8159328501260882,-2.0519158246669593,0.7128632637779911,0.5049638102440879,1.0977483393739331,-0.925466882879173,-0.09743050765368819,0.42155029906128516,-0.7056307484813827,-1.1332778622110162,-0.4697538725705261,-0.03108457848008879,0.18279113798681826,-1.9059679858514982,-0.3043350294072802,-0.46958189182599075,0.6727737382796295,1.21794065858934,0.02212450023152453,0.2101038798569907,-0.542571094599534,0.017214548350966374,-0.27670048227683025,-2.1000979998079035,-1.8939955289238128,-2.2570255447016994,-1.362285379106335,-0.05571545581152649,-1.1308668338852552
[,0.5415610854647165,-1.737826045325042,1.1856131346726213,1.5888539487274198,-3.3732007686239727,-2.2735652813701908,0.20013292238325217,-0.43946578460468116,-0.08789843250104275,-1.3946847111734664,1.3910161131436767,1.3090723291995217,0.12418955373099926,1.970393767992756,0.849162547895234,-1.4173310402480652,0.6076585771662398,-1.6736265222119566,1.562905940219218,-0.09856041841721365,-0.40368609670243366,-1.2434594025585308,2.0307703678410647,-0.23067553648383407,-0.7237702117167693,-0.5558635617690386,0.882384006314427,0.6366367139442931,0.7495112789147022,0.7166407841555046,3.698689280159907,-0.7411739494073792,-0.9019904159864971,-1.41962588480733,0.9731800499134061,1.9665804843625836,-0.22718620278829763,-1.4378852832376483,-1.3790652889620143,1.1446106511233753,1.318235411754793,0.923407124200615,-1.1685687954376995,0.3921242183343701,0.08459339250872029,0.27567418887205297,1.401964927128069,0.31479820225957816,1.1899159839550324,0.05389221477789764
Y,0.6700758021910588,-1.5914438419273225,0.7178518004880573,1.547310483830665,-3.696830076495768,-2.607045128011607,0.11071855618540226,0.07613369085231379,-0.40225930280193667,-1.1117506010793996,0.8517981382020953,1.2492163786897668,0.1882297285530263,2.2710666443230823,1.1431022635768116,-1.1981345375290386,0.5106028360247142,-1.9162627607625202,1.942247894421877,-0.17165558769022093,-0.8794570275279276,-1.70679225542196,1.7945726123711447,-0.06309182238527616,-0.7059906858601185,-0.3339375407487007,0.7698106923306897,0.7227206313636096,1.0081779869231484,0.6387078223777494,4.032405747023252,-1.012480393697917,-1.073570408936431,-1.6216947108561313,0.5893123479198533,2.2315061536753293,-0.4058659983405991,-1.4994974879132534,-1.2701484906153215,1.3572612501608288,1.6173053961474462,0.9305521388416357,-1.373993750802049,0.38157596744065597,-0.5162724735649746,-0.23031148060517465,0.9923380453339297,-0.028153769241815244,1.387890911018525,-0.26816160214818924
1,-0.5268731342233716,1.3474267619841558,-0.6932631303863157,-1.2886167530062214,2.988779012163455,2.085324220654632,-0.11060051376716389,0.04673833615043167,0.26581865986918274,0.9797287781518056,-0.8192542795696589,-1.0459602516527025,-0.1420580520276634,-1.8144177414126146,-0.8829134731507571,1.0376147720876818,-0.44296986875853717,1.5333091382900006,-1.5257133852244253,0.12642290960185434,0.6261633333660963,1.3130970916613627,-1.5345449308862655,0.08784128001803458,0.5877064897623738,0.32342005767339643,-0.6606619368273559,-0.5794439112424142,-0.7788232196798321,-0.5448563189196065,-3.2641866070012,0.7796922703038365,0.8514393108371624,1.2983043939274688,-0.5690976832289945,-1.7893035716598387,0.2976717305858776,1.2271214438664175,1.0737122378084392,-1.077340470405497,-1.2740342651619287,-0.7681373896232393,1.092717345825024,-0.3178451087306911,0.29915668148824076,0.08282739430561387,-0.9079203726701746,-0.049686794863498376,-1.1057968613810643,0.1532698454407847
E,0.1682039228747853,0.40401517344534965,-0.8970047818005594,-0.21350387988650865,-0.24229684827660933,-0.35813712524292907,-0.16907507311947972,0.9104899434374629,-0.5230235966772692,0.6036941416636142,-1.036224817743245,-0.21919325070536758,0.09695973555056425,0.33007677388352463,0.4198555425340223,0.4980847949185158,-0.2187459211482281,-0.2588259363609314,0.4997094974813624,-0.1145656702866555,-0.7671555016890937,-0.6703881601415889,-0.5821407571760762,0.30385792800182077,0.0953238775795825,0.42497829279894694,-0.26973913948897954,0.0879614266575274,0.36926964606077145,-0.1962794296519346,0.22997028777155903,-0.39137021717966847,-0.20842500958240345,-0.21322233949224284,-0.7361445395114626,0.27004400646011706,-0.28129347943971733,0.025655158891666127,0.30837103796533566,0.25590517127254947,0.3862034752716783,-0.07123659846921333,-0.24153974426088437,-0.053191111977447074,-1.0224897290186832,-0.8794759577541215,-0.8183341165840533,-0.6076427378447777,0.227030878608467,-0.5488084655091954
g,-0.32228997548421023,2.232265881474892,-2.3117351905393346,-1.8430302402975882,3.029832938144662,1.7948099776631827,-0.4126415839845905,1.5906221049294529,-0.576984612229368,2.1462465953339915,-2.691691545040107,-1.5734390619578114,0.00021313626348892485,-1.5304758061425483,-0.3071699081862437,2.03458724460604,-0.8788984593734555,1.3273059810749799,-0.911971152265004,-0.04792017793641435,-0.5744594450446672,0.37924603074036356,-2.7482234081730903,0.6139598311676685,0.8371006102999484,1.0894539147339042,-1.2154426107857217,-0.5182205557725437,-0.2727918967362231,-0.9582045059260623,-3.3675163869811713,0.23648751798593334,0.627837134411892,1.1338912665961671,-1.8973522212433511,-1.6029113731387707,-0.13231099484566713,1.4551992048990443,1.7558959407762678,-0.8076099776621974,-0.8139860755841679,-1.0040421403533377,0.849550103433164,-0.4554876138239963,-1.3816921638537951,-1.3891975059368014,-2.425923581200556,-1.0828286912487173,-0.8890890596707687,-0.7500035767897842
1,-0.4893727505009347,-1.0711110093105107,2.4698771624951097,0.5430127098513965,0.7939726358373643,1.0804365549940977,0.4663448392587811,-2.5332391986650364,1.4668846162473967,-1.641765051326719,2.8524811676759803,0.5685427555634156,-0.2756401906432126,-0.991490309717475,-1.2042703840668203,-1.3454023591193625,0.591373852605835,0.7818800964202308,-1.4522763810071553,0.32403665036508855,2.161016741412176,1.9190127888557804,1.5596002170313075,-0.8425336701229431,-0.24194688499058056,-1.1703665099127898,0.7246636954414388,-0.2680501604263002,-1.0592663164963207,0.5247515117169881,-0.7706480729560766,1.120836322409849,0.6143210694475445,0.6455211572847431,2.0269467614916237,-0.8233364371061895,0.795099801894857,-0.022435114285764224,-0.8157351353002154,-0.7555414921059052,-1.1261888263968727,0.1676755585890565,0.7161573663216847,0.13541052747549365,2.8588948084111525,2.452059384785176,2.2422610079236893,1.6898945997947101,-0.6762821293306375,1.5341843008475893
',-0.4332815529412893,2.109492676660951,-1.9126464650305475,-1.8098852388813158,3.3124494766623176,2.0841652186001602,-0.3363131735793902,1.1493739980101143,-0.30740422224808966,1.9059005361870844,-2.231674455242991,-1.5241644678398274,-0.054869293962674065,-1.7912417273568135,-0.5604268834704385,1.848906894330501,-0.7966521328854274,1.537867723301481,-1.2395341240012885,0.014883721516376871,-0.16604224249186664,0.77830393628586,-2.5489217813603795,0.4706784563223038,0.8229832682519888,0.9000988271104289,-1.120321710505863,-0.592991320574103,-0.4956613123669706,-0.8925175607218011,-3.659283290904929,0.4701777484274771,0.7762993494498956,1.3092882912662769,-1.5698409248217338,-1.8330318330096103,0.02119068043924185,1.5102367247621145,1.6646789278983107,-0.9916505673036169,-1.072367326289316,-1.0115974786965316,1.0274346021909246,-0.44705429271040165,-0.8668107253360547,-0.9559356922560327,-2.076998234432809,-0.7893665268645641,-1.0606210967738954,-0.4740491953578219
z,-0.4805197547316153,-1.0253774108523284,2.3898612733735165,0.5134452598608652,0.802101410992162,1.070609859723861,0.4514507287865007,-2.458172458111533,1.4265038549563005,-1.5831079615478678,2.759874132889508,0.5407813620146208,-0.2690231288912646,-0.9814266628977496,-1.178124746462655,-1.2948595444306954,0.5692959116444983,0.7750241023761925,-1.4256050373674765,0.3158300863178037,2.1040000063844877,1.8763605543333706,1.4975141154293568,-0.8168051046988791,-0.22862992667273604,-1.132504104667247,0.696367446143908,-0.266266612806598,-1.0362922256949623,0.5035609253505174,-0.7823662972450172,1.096058878564597,0.6052107642671318,0.6402023649213842,1.9612786782092855,-0.817958240054687,0.7748309398707175,-0.008840719689686697,-0.780404324163275,-0.7446549192951701,-1.106464212773126,0.154643263684024,0.7065922663630088,0.12807416998581983,2.777887095565051,2.3807480671419023,2.1666832367847095,1.6396233669086813,-0.6680287453452904,1.49063608275024
},-0.5242156041502342,1.5210079130131136,-0.931586165082895,-1.417239871371551,3.1276334623054565,2.1413195553112985,-0.1542373125788678,0.24660724603503476,0.1697328691006658,1.1729587683998461,-1.0957432829534952,-1.16028640814846,-0.130182195853729,-1.8591457941175167,-0.8486229348455172,1.2117125401582443,-0.5186149284278041,1.5754563110254058,-1.5152874826909342,0.10973959771407027,0.5003459740431468,1.2521598178839328,-1.7586161417767676,0.1591662874901793,0.645925059628011,0.4360096163832536,-0.7612631855802312,-0.5975013950838288,-0.7488104689705903,-0.6221629235637907,-3.423329351361949,0.7449562503903926,0.860853103735253,1.3352750110647338,-0.7646922407653666,-1.8454056901229927,0.25589425478681455,1.3111904383191226,1.2090974013732354,-1.090942519674857,-1.2720476031319683,-0.8326929672824223,1.1104096192056054,-0.3496851849196268,0.09720295087759528,-0.10204456126130053,-1.1429677598778287,-0.18425873609699187,-1.127463370772692,0.044406693939834825
h,0.568492384352273,-0.02229542147784106,-1.171180140321866,0.31800408779935263,-2.0032059994838445,-1.7221637426750533,-0.23141434033653452,1.5377028129929187,-1.038761432689374,0.5156718623483548,-1.3431848913741167,0.17936136240734102,0.24184571973094837,1.5301252868130617,1.1894603343535832,0.3036874232394348,-0.14012936987368205,-1.2585474781302683,1.667902663176388,-0.26375584317281686,-1.6491106201278216,-1.8478866748059986,-0.18401102006859033,0.4748081259422942,-0.14855195399059581,0.5575474979376068,-0.11202081984560361,0.4587064228534101,1.0473638605319435,-0.04746015105439185,2.128325562413468,-1.0857530566271345,-0.8098999141861875,-1.05547041290617,-0.9610681488540573,1.4137622158508683,-0.6408369130770205,-0.6077172039022918,-0.04105952850732056,1.0113623553294593,1.339439626121703,0.28571895629001465,-0.9948762201525458,0.0775296386056128,-1.91362060014579,-1.5532930907624276,-0.9221623277520781,-1.0164092572283936,0.9769237577243618,-1.0232352415969943
D,-0.49697438949407613,0.5069441072495611,0.37034663537534473,-0.6431552243065606,2.1671777153376888,1.6852574694200237,0.08286976746221439,-0.8034910739762092,0.6520426303835423,0.0847417996768108,0.4158553356303758,-0.4800103307143257,-0.18126379827893252,-1.4832365409806552,-0.9591906304896339,0.21914396125637406,-0.08796111785950149,1.2350176727749047,-1.450697394293265,0.1872127415264972,1.1101731159357406,1.468638462528869,-0.46558689418813576,-0.2211293218110924,0.29520490426134627,-0.17873508315465458,-0.18294264213312297,-0.45769680719687245,-0.8451117914530484,-0.17485124937571897,-2.33513814421737,0.865919164493909,0.7450578923031942,1.0402958177054942,0.30382956599426525,-1.4119073118350463,0.451375535365383,0.7751799717694111,0.41639556403775263,-0.9355733712072465,-1.1829316260409948,-0.4347005004189668,0.9324242905211638,-0.15815353294385984,1.1311981189227147,0.8594140169811267,0.1585821603345443,0.5241965681226892,-0.9276485887782613,0.6024059123561742
S,0.42839975196489244,-1.7302205068666021,1.414496088384206,1.5231807738263294,-2.971749225827531,-1.929591716400662,0.24542105670994413,-0.7420395011933543,0.11720860412676666,-1.4938518531190956,1.6534561241358332,1.2712692570253954,0.07624488241342973,1.6648683001002578,0.6129183050334216,-1.4746324333373082,0.6341844478971892,-1.4222302347942555,1.2309492798944035,-0.04634023053799144,-0.07757609853273913,-0.876581836356203,2.0633279830651166,-0.3239282528942679,-0.6931257778660799,-0.6648404832198369,0.9028572003459925,0.5449604183297762,0.5414861697760632,0.7246821680634101,3.271951377963995,-0.5255901393156651,-0.7405349450249855,-1.2087648502432264,1.1610004623454515,1.6840201744893204,-0.10033158604819893,-1.3153310620151548,-1.3684196433848068,0.9429594879153418,1.0515351036714033,0.8653316303016247,-0.9701260938492963,0.3761042641903257,0.46198950540140615,0.5816260607439178,1.5813181131132206,0.5147521414468798,0.9949758642656822,0.25567433735178213
_,-0.25513569755362986,2.228919323946129,-2.449127449455252,-1.8049313668145923,2.7925919571067515,1.5911131402551215,-0.4398031958024387,1.7714754353162632,-0.6993159036280907,2.2063781542578904,-2.849248855895637,-1.5517789722948245,0.02873753368665452,-1.3495138175359729,-0.16678049214375706,2.0697521841183657,-0.8951437301651591,1.1784404573090979,-0.7149576689908548,-0.07901344052259186,-0.7687791128528791,0.16117544658969024,-2.7690439326915297,0.6697638388571288,0.8193108192432931,1.1548638959809037,-1.2282645355055268,-0.4639520444451863,-0.1491730741464316,-0.9634944458974383,-3.1154097410982247,0.10835254574459094,0.5321119416858778,1.009039762279724,-2.0100959307258073,-1.4356505498884062,-0.20785193787310569,1.3830547088388556,1.750489246326633,-0.6880655834372342,-0.6557445972310535,-0.9700205869849047,0.731936694826817,-0.4461971025617389,-1.6069501759109648,-1.5719543204733017,-2.533908789207099,-1.2023611982381641,-0.7735803536563124,-0.8704480656418091
P,0.6199649028178665,-1.680677923156507,0.9433525668851128,1.5875978521845213,-3.598080763036656,-2.488871029364167,0.1534619759791592,-0.16058364772218578,-0.2627922677945053,-1.257401671830579,1.1120787308213795,1.2938772728429961,0.1612695714700881,2.16343251495414,1.023169157298674,-1.315574136485581,0.5623308434620674,-1.8305456061823369,1.7938468500605564,-0.14029358313436097,-0.672076147747086,-1.5164452535068715,1.9279970929453705,-0.14123086494152345,-0.7238305340217259,-0.44083406056748825,0.8322340983713001,0.6928946696252309,0.9026676641923105,0.6833672326992992,3.9335876907666876,-0.9012002972604466,-1.0091111749347328,-1.5506615914212458,0.7743720886815046,2.13981579078276,-0.3290144780666949,-1.4915640023394592,-1.3377185409834231,1.2777374022242336,1.5014824434038352,0.939965277483242,-1.298030349187687,0.39165097138467725,-0.24624713431425457,-0.0001328297346286058,1.194779890049992,0.12960630378029803,1.3155527053614822,-0.12331586006028401
M,0.2697425070781251,0.38142073371540186,-1.0812374249577978,-0.14276243359807925,-0.6159732690849685,-0.6725964816355436,-0.20584782858827655,1.1644916826016962,-0.6987808071120847,0.6753500972452403,-1.2471755501361144,-0.17481634530721368,0.13900439333707426,0.6089324773773784,0.6292266409248869,0.5338221805848304,-0.23573848581100892,-0.48876243709453565,0.7973323385123884,-0.1600195067387767,-1.0490470463743755,-0.9948353234293299,-0.5910875660968931,0.38125815430269333,0.062477811898793985,0.5127761306894875,-0.27902282438451975,0.17205594848776742,0.5536480818033476,-0.1964958447290624,0.6282311347159829,-0.5821184399537048,-0.3544959635773247,-0.4062307350528605,-0.8873225805944135,0.5292766308098857,-0.39159765957785053,-0.09220270676351427,0.28650884520955977,0.43850912629698424,0.6258992545801702,-0.013143304803239593,-0.4216291587506876,-0.03589267829079393,-1.3435991524371833,-1.1378771749396484,-0.9583158951510331,-0.7752722195330723,0.4043306875270799,-0.7204155297917622
J,0.12756346581252762,1.471334356943155,-2.242024468348224,-1.0345843672639734,0.8103724141779546,0.1579599624819711,-0.4136472221724279,1.9828416655986327,-1.0085468465246237,1.737688500873389,-2.5981990648333664,-0.938660150842138,0.1456032980718464,-0.09764795121787202,0.5111102299895868,1.5359196099058783,-0.6688634439966437,0.12585817711721095,0.39660544208367393,-0.19051277809679948,-1.3739704524328493,-0.8591901796046721,-1.938598483240269,0.6939424209310922,0.467431019401378,1.0599719822868103,-0.8758023548755272,-0.06878792171475763,0.44851009672542985,-0.6658749622292346,-0.9597204562224061,-0.49574690936704063,-0.06953324012117518,0.11935606490997283,-1.8400316002849992,-0.21581514846444463,-0.4734442907387348,0.6023747299290731,1.1432010674361355,0.07113359037616285,0.26421938749692075,-0.4959675963556581,-0.03332218661460913,-0.2563266154088204,-2.0699774311540313,-1.8582453638335346,-2.168199159996828,-1.331554262612217,-0.0037740735177389847,-1.114288289514477
-,0.1886198125648037,0.3643873519004173,-0.8870117006688346,-0.17299775703511025,-0.3473707840265948,-0.4343014334088338,-0.16787258606082248,0.9226389421076713,-0.5399336216243994,0.5795556975439837,-1.0240566250312781,-0.18700706414126242,0.10324288234362829,0.39662506161013894,0.45614924958866954,0.47038894930028385,-0.20701437738390063,-0.3147604731574293,0.5590200778496883,-0.12058385687332945,-0.7999759669603674,-0.7250587225636326,-0.5388504893071965,0.30546096922958016,0.07681910375333921,0.42041452567376875,-0.25138985418274323,0.10895073171248122,0.40126813660995453,-0.18075164007715958,0.3442037340320561,-0.4237315903106388,-0.24046121262785633,-0.2604944719944315,-0.7279381698620447,0.33483448008591027,-0.2956378186094633,-0.015597978843297047,0.2765884081434038,0.2963231733575809,0.4352615105757345,-0.04624586461502241,-0.28226282663698077,-0.043208013473440374,-1.048065597302435,-0.8955536816432406,-0.7998702615294278,-0.6151231562956997,0.2679789207034186,-0.5622883209849645
s,0.15550171470022878,0.3491569929191979,-0.7966238477000471,-0.17914119347660545,-0.2447776101848226,-0.3400701360737484,-0.1503414568151943,0.8147215816413492,-0.47073740536488057,0.5313549110192464,-0.920092823506157,-0.18649601387737172,0.08813131246227669,0.3124234455547247,0.38412185855218023,0.4362639884081701,-0.1917143896211241,-0.24601346136039492,0.4616045324166328,-0.10374812449243645,-0.6926652954387941,-0.6124310575223881,-0.5068883094386237,0.2712239527630071,0.0798665449645559,0.37746720880035933,-0.23533983559098257,0.0841508802758505,0.33786260966885223,-0.17065083954792815,0.2363080428572618,-0.3576572388698143,-0.19453587007343193,-0.20299493510396827,-0.6537634905774075,0.25844238599893227,-0.25461445470264377,0.011534204502918944,0.2660778396668286,0.2391496451829123,0.35763792596755173,-0.05662000816344561,-0.22643163693709403,-0.04465994938458941,-0.9182175974446963,-0.7881622520989306,-0.7241901449604508,-0.5435565142180601,0.2135638012179393,-0.4927737020311008
j,0.2575526747882936,0.3828508272131472,-1.0574008469820857,-0.15029437340507681,-0.5722073197875339,-0.6353181277530207,-0.20111901127083293,1.1325758132705088,-0.6770073460410105,0.6653388064942385,-1.2198555729700382,-0.17929353563311964,0.13387754294108878,0.5758385662783809,0.603879254576948,0.5282569034954455,-0.2331448227482981,-0.46151290722797805,0.761582938503411,-0.1544486408776064,-1.014333572510976,-0.9554988945994314,-0.5883654238216925,0.37145592538780897,0.06598604151552577,0.5014238368074725,-0.277169388956152,0.16210945631898027,0.5313277757426883,-0.19590071267481518,0.581667910840761,-0.558999884109617,-0.33705742561402746,-0.38336923965604336,-0.8677624797479788,0.4986184580707903,-0.37806916361382437,-0.07869541921130577,0.28813240197544404,0.41672263381885966,0.5971550434501856,-0.019630971947291707,-0.4001741708956233,-0.03773161109516507,-1.303624504611327,-1.1055444101753473,-0.9398072786821118,-0.7541895703559083,0.38323931918912224,-0.6990454220202054
G,-0.4733946391074125,1.9856434673604109,-1.6618622257240125,-1.7383684190496476,3.34676423861195,2.1594327852833755,-0.289254477176588,0.9017336717400354,-0.16822943387190822,1.7317192292595645,-1.9417735559916531,-1.453657150728309,-0.07969347986145385,-1.8617436131588077,-0.6651025029478934,1.7027835468887473,-0.732612460006037,1.591987436860849,-1.3591205455121393,0.044651512954932956,0.03560858496939675,0.9464580143261493,-2.3747518390676374,0.38727308777474595,0.7909226656856243,0.781336510023626,-1.040149039558933,-0.6107696546606242,-0.5877011222484433,-0.8335040047545013,-3.6873535147114005,0.5682075131547734,0.8239143481377594,1.3535024378053,-1.3640282679950662,-1.887502408463492,0.09441366898648634,1.4903578126270092,1.569672621168047,-1.0497763295217217,-1.1637918617079575,-0.9841763014979619,1.0814990983562345,-0.429270617867212,-0.5924089566277242,-0.7180775982475652,-1.8453096188819966,-0.6239016894799261,-1.110609569849011,-0.32669069095451714
T,0.4926260057327189,0.15268857587757806,-1.2454841717501632,0.14671222042752255,-1.5890864481284135,-1.4289101143990826,-0.24267584534982609,1.5233139701492382,-0.9904859338088768,0.6358317077247712,-1.431535774896122,0.0413724238849206,0.22021251957284424,1.2745471156658874,1.0591774262183138,0.43417086616984313,-0.19569489183478764,-1.043025129144998,1.447921495631866,-0.24385830632693217,-1.5460017625313682,-1.653076792559499,-0.38051055777008763,0.47988237298297093,-0.07038315199013406,0.5920631592014423,-0.19618287530638975,0.37748441614515765,0.9324653494410063,-0.11746707774135068,1.676836887567737,-0.9702313808107228,-0.6887448462108255,-0.873115821249374,-1.022068768825545,1.1629873648602749,-0.5937233820480409,-0.4405453313358076,0.09868819734932045,0.8582412379303377,1.15645534243585,0.18233410477524783,-0.8399807947823473,0.0352915388629714,-1.849389177965043,-1.5218993447644842,-1.0276070753165534,-1.0093347875703902,0.8205713653379096,-0.9897576308737127
M,-0.47269966199967073,0.05673859021882766,0.9226205170390448,-0.2930354837728475,1.698258557729152,1.4460599681537367,0.1830608457861753,-1.2362173492260498,0.8436620017167528,-0.38681112602022455,1.0574246347038618,-0.17446749574412318,-0.19873066906754228,-1.2837050384247446,-0.9827137381555899,-0.21453667197271378,0.10002398742919523,1.0570420745480023,-1.3862777050906414,0.21591405355304846,1.3452538908417735,1.5250095338200222,0.10391200812312952,-0.3796025811171074,0.13647770024877665,-0.4394095380361388,0.07113410064987198,-0.3858561172721628,-0.8653557114875176,0.02250910398307311,-1.8068858959011502,0.8962768526631794,0.6763324219641712,0.8868368081898946,0.7570946359708436,-1.1893314557114825,0.5243243317191211,0.5244297664354921,0.06395942993133548,-0.8449761087527938,-1.1146801066866603,-0.25206641535566965,0.8321505839064753,-0.07154820973640268,1.5487197945439937,1.2524950464057636,0.7160273881844348,0.816588688190191,-0.8180787946916688,0.8279258313012465
{,-0.5214261562043713,1.03508114210469,-0.28603067436026525,-1.051748182968059,2.703219626691139,1.953725723842946,-0.036341702436994576,-0.28479681087317943,0.4198161250737749,0.641745943552706,-0.3465263774716138,-0.8372780458032661,-0.1590513246766343,-1.7065211192105105,-0.9231480476584738,0.7302026868539417,-0.3095471188951215,1.4349342654618198,-1.514457006525214,0.15166171998354688,0.8226162026640089,1.3893787385620164,-1.1351729247380395,-0.031799527618316156,0.4804099040084367,0.13111009988118877,-0.48188467171206634,-0.5387439568620025,-0.8139253678899699,-0.4067811726252133,-2.93991694354276,0.8225923304605134,0.8199577324753841,1.2128841815745628,-0.23487475049056053,-1.663058971294436,0.3612267315498264,1.065111868947703,0.8296716452738635,-1.0347093503552145,-1.2535181826294903,-0.6469859022819577,1.0430320969397682,-0.2592307706571214,0.6276785808641241,0.3871309906461196,-0.502096683341169,0.17387652230928174,-1.0492922952971455,0.3305088515849089
F,-0.4443590112678675,2.082270424260421,-1.8527477878515994,-1.7953638194109935,3.3278817563772214,2.107524425216099,-0.3250276860260917,1.0887294294685068,-0.27263631229309093,1.8654673039938205,-2.1624748482023826,-1.5093212717880804,-0.061292843193260525,-1.8127960224396429,-0.5881791546813171,1.8154930354490302,-0.7819806270769668,1.5547432613734034,-1.272452955898653,0.022483407534340284,-0.1151013037841219,0.8226390530667472,-2.509793320948508,0.45042253564892776,0.8164969239671317,0.871721525026698,-1.1022031107172734,-0.598712703262166,-0.5200693393924902,-0.8793182216327228,-3.673829879055667,0.4960573461417307,0.7899789290593561,1.3231821864730962,-1.5206838653310992,-1.8505941895161242,0.039853212208115704,1.5082394576144946,1.6438904560461614,-1.0084389008945878,-1.0977865151470885,-1.0066727528616553,1.0432626595755934,-0.44343726240528214,-0.79878899239075,-0.8973869732412695,-2.022288071422,-0.7488892051248105,-1.0754798663693559,-0.43753767055318227
L,-0.45474466509626743,2.052521467471129,-1.7909233257637893,-1.7785829588760549,3.338743239093471,2.127866202710193,-0.3134113836503338,1.027183167407565,-0.23781955789151857,1.822915443552808,-2.091021081274686,-1.4926024307976926,-0.06757672750687721,-1.8317416532971915,-0.6148974257215968,1.7799636599913011,-0.7664004363953789,1.569396034107557,-1.3033799334985052,0.029984477897767477,-0.06446744418232436,0.8654781110956291,-2.467676470201946,0.42974989144565473,0.808981965556541,0.8424398981836518,-1.0827805753570696,-0.6035851493505842,-0.5435642812856919,-0.865067281214421,-3.6833530167777035,0.5210425342292816,0.8024829689315439,1.3351886028887796,-1.469946119929676,-1.865533625096052,0.058294025781301266,1.504251899323066,1.6211008763041947,-1.0237327046727118,-1.1215142050356472,-1.0004520666301706,1.0575584944295764,-0.4392624468658934,-0.7303183108782177,-0.8381724084469333,-1.9653794793816275,-0.7077804656329826,-1.0887722729826395,-0.40077347888399284
T,-0.447066152692571,-1.0431686355092287,2.343034373243684,0.5445033584351433,0.6701574359487917,0.9631904500714383,0.44187048838945836,-2.3859660179021462,1.37403258776469,-1.5708675395865717,2.7064702986247307,0.5622628816801443,-0.2558109448620724,-0.8864621941922959,-1.1108554674114017,-1.2933723577043745,0.568164866224641,0.696406276051544,-1.327704781457306,0.3017749876336361,2.0181622374042045,1.772581604919181,1.5078639753638376,-0.7954211678941522,-0.24296129189207255,-1.1101297447684066,0.6992707853597345,-0.23735675316516186,-0.9770419297691256,0.5080818578782397,-0.6410790715601222,1.0349806409732056,0.5562988560625332,0.5741160689036273,1.9228551897472985,-0.7288137354439861,0.7407997423387935,-0.05284854051581058,-0.795684041648897,-0.6834009809551095,-1.0272377216211623,0.177708474194742,0.6459277067468251,0.1356918580265376,2.683590406553772,2.3061943766817588,2.13430973759889,1.5921289098885651,-0.6080515074899941,1.4402976716521791
\,-0.39607048281511203,2.175592096762483,-2.0798783336527,-1.839679109886907,3.2389812200856745,1.9963518619046152,-0.3680132771047416,1.3249728229891478,-0.4108829777531284,2.0138776359578747,-2.4246977560632175,-1.5572200776632295,-0.03485948854812259,-1.7112665350317517,-0.4713946803084107,1.9359519576405408,-0.8349934238887489,1.4741711401084308,-1.1293377853527897,-0.008390353335162836,-0.3199267736492679,0.6370063678194321,-2.6477892321694756,0.5286374456561502,0.8361752166156289,0.9793738964375467,-1.1665815108654531,-0.5708243057332729,-0.41733569668935416,-0.9256079204145468,-3.585744335840435,0.387571924547717,0.7284211461313613,1.2565014638332552,-1.7070816274192353,-1.7648858768131697,-0.03584077718382081,1.5042636970435475,1.7147270721349315,-0.9325809377432104,-0.98635614406796,-1.018525398538539,0.9710050905208305,-0.45450541428193025,-1.0671429099732643,-1.1266932433154482,-2.227109126553021,-0.9063928911608039,-1.006879900069262,-0.581509942889678
